start,end,worker_id,source,mapping.name,exportID,records.size,message.count,record.id,rdf.file.size,
1545670282333,1545670298822,3d97fe31-ecf4-412e-a120-47263fdcbd09,https://ckan-d4s.d4science.org/,Mapping115,00dd73a7-a05f-459f-ac74-c8edd762b8af,200,2,2391064f-b10c-4c44-9c1f-004a442b0c32,16606,
1545670298937,1545670303383,3d97fe31-ecf4-412e-a120-47263fdcbd09,https://ckan-d4s.d4science.org/,Mapping115,00dd73a7-a05f-459f-ac74-c8edd762b8af,200,6,234a5de4-100d-4c59-b5f0-5c700c8f09d0,16626,
1545670303451,1545670307298,3d97fe31-ecf4-412e-a120-47263fdcbd09,https://ckan-d4s.d4science.org/,Mapping115,00dd73a7-a05f-459f-ac74-c8edd762b8af,200,10,e8188ed3-b5c0-4a39-ba35-3d93b6417bf5,16597,
1545670307323,1545670310126,3d97fe31-ecf4-412e-a120-47263fdcbd09,https://ckan-d4s.d4science.org/,Mapping115,00dd73a7-a05f-459f-ac74-c8edd762b8af,200,14,f080992b-05e3-4672-8b76-2f5256316fc7,16126,
1545670310155,1545670313132,3d97fe31-ecf4-412e-a120-47263fdcbd09,https://ckan-d4s.d4science.org/,Mapping115,00dd73a7-a05f-459f-ac74-c8edd762b8af,200,18,44fb0853-0780-4569-8d8a-864fcff8d970,16608,
1545670313155,1545670316394,3d97fe31-ecf4-412e-a120-47263fdcbd09,https://ckan-d4s.d4science.org/,Mapping115,00dd73a7-a05f-459f-ac74-c8edd762b8af,200,22,c4f1fa89-13ed-4675-bc85-3e911e64cea4,16619,
1545670316447,1545670319500,3d97fe31-ecf4-412e-a120-47263fdcbd09,https://ckan-d4s.d4science.org/,Mapping115,00dd73a7-a05f-459f-ac74-c8edd762b8af,200,26,fa763c49-e607-4daf-85f6-e7e4df2f8e5a,16130,
1545670319548,1545670322924,3d97fe31-ecf4-412e-a120-47263fdcbd09,https://ckan-d4s.d4science.org/,Mapping115,00dd73a7-a05f-459f-ac74-c8edd762b8af,200,30,9a99fe1e-3896-45e5-b1fd-58a402ec5f66,16611,
1545670323017,1545670326708,3d97fe31-ecf4-412e-a120-47263fdcbd09,https://ckan-d4s.d4science.org/,Mapping115,00dd73a7-a05f-459f-ac74-c8edd762b8af,200,34,4b41a289-520d-4434-812d-4d44a3304f18,19020,
1545670326807,1545670329195,3d97fe31-ecf4-412e-a120-47263fdcbd09,https://ckan-d4s.d4science.org/,Mapping115,00dd73a7-a05f-459f-ac74-c8edd762b8af,200,38,f99e7cdc-979e-4132-b7fc-a700ddee5693,16615,
1545670329236,1545670332513,3d97fe31-ecf4-412e-a120-47263fdcbd09,https://ckan-d4s.d4science.org/,Mapping115,00dd73a7-a05f-459f-ac74-c8edd762b8af,200,42,d689cb69-8925-4f5c-8155-36a11de9dcb8,16597,
1545670332561,1545670335486,3d97fe31-ecf4-412e-a120-47263fdcbd09,https://ckan-d4s.d4science.org/,Mapping115,00dd73a7-a05f-459f-ac74-c8edd762b8af,200,46,eb392aa8-53ec-4b7a-901a-42acdf80b803,16435,
1545670335535,1545670338384,3d97fe31-ecf4-412e-a120-47263fdcbd09,https://ckan-d4s.d4science.org/,Mapping115,00dd73a7-a05f-459f-ac74-c8edd762b8af,200,50,b6c49dc8-0c91-403d-a954-f24f4df235b4,17022,
1545670338430,1545670340596,3d97fe31-ecf4-412e-a120-47263fdcbd09,https://ckan-d4s.d4science.org/,Mapping115,00dd73a7-a05f-459f-ac74-c8edd762b8af,200,54,b9e02aef-a919-452b-8e45-ccc811941f72,16206,
1545670340625,1545670343354,3d97fe31-ecf4-412e-a120-47263fdcbd09,https://ckan-d4s.d4science.org/,Mapping115,00dd73a7-a05f-459f-ac74-c8edd762b8af,200,58,73418d86-3e32-4415-b909-3850d9854acf,16644,
1545670343399,1545670346434,3d97fe31-ecf4-412e-a120-47263fdcbd09,https://ckan-d4s.d4science.org/,Mapping115,00dd73a7-a05f-459f-ac74-c8edd762b8af,200,62,0678cb4e-b80c-496c-b315-0574dc1fcb3b,16134,
1545670346479,1545670348974,3d97fe31-ecf4-412e-a120-47263fdcbd09,https://ckan-d4s.d4science.org/,Mapping115,00dd73a7-a05f-459f-ac74-c8edd762b8af,200,66,f84c5f37-e7a1-4d3f-bc3a-6a7412837574,16171,
1545670348999,1545670351781,3d97fe31-ecf4-412e-a120-47263fdcbd09,https://ckan-d4s.d4science.org/,Mapping115,00dd73a7-a05f-459f-ac74-c8edd762b8af,200,70,776637d5-c74d-4ac4-9a61-54e18724bf2c,16609,
1545670351819,1545670354639,3d97fe31-ecf4-412e-a120-47263fdcbd09,https://ckan-d4s.d4science.org/,Mapping115,00dd73a7-a05f-459f-ac74-c8edd762b8af,200,74,284e8446-7660-48bd-9b87-101a50e9c833,17031,
1545670354682,1545670357001,3d97fe31-ecf4-412e-a120-47263fdcbd09,https://ckan-d4s.d4science.org/,Mapping115,00dd73a7-a05f-459f-ac74-c8edd762b8af,200,78,91ab47f1-a85f-47cd-88b9-23537ca0478c,16997,
1545670357024,1545670358904,3d97fe31-ecf4-412e-a120-47263fdcbd09,https://ckan-d4s.d4science.org/,Mapping115,00dd73a7-a05f-459f-ac74-c8edd762b8af,200,82,6a8b5e14-c52a-4356-99f2-d0cf643f5f31,16615,
1545670358929,1545670360505,3d97fe31-ecf4-412e-a120-47263fdcbd09,https://ckan-d4s.d4science.org/,Mapping115,00dd73a7-a05f-459f-ac74-c8edd762b8af,200,86,c0831044-ad9b-4deb-8b6b-69ca42ff2481,16621,
1545670360637,1545670361967,3d97fe31-ecf4-412e-a120-47263fdcbd09,https://ckan-d4s.d4science.org/,Mapping115,00dd73a7-a05f-459f-ac74-c8edd762b8af,200,90,f4e924ea-59c1-4ec8-b148-5ef8aa92b14b,16617,
1545670361987,1545670363883,3d97fe31-ecf4-412e-a120-47263fdcbd09,https://ckan-d4s.d4science.org/,Mapping115,00dd73a7-a05f-459f-ac74-c8edd762b8af,200,94,b6ef80aa-36a2-465e-b182-e352bb15fe9c,16603,
1545670363916,1545670365263,3d97fe31-ecf4-412e-a120-47263fdcbd09,https://ckan-d4s.d4science.org/,Mapping115,00dd73a7-a05f-459f-ac74-c8edd762b8af,200,98,f2bbde4c-5b4a-4478-84bd-7c7762dc67d7,16147,
1545670365281,1545670367114,3d97fe31-ecf4-412e-a120-47263fdcbd09,https://ckan-d4s.d4science.org/,Mapping115,00dd73a7-a05f-459f-ac74-c8edd762b8af,200,102,9701ceeb-9d8a-46d9-b1e3-e56ffa4480f5,19006,
1545670367149,1545670368879,3d97fe31-ecf4-412e-a120-47263fdcbd09,https://ckan-d4s.d4science.org/,Mapping115,00dd73a7-a05f-459f-ac74-c8edd762b8af,200,106,5e9e0fbd-a170-440b-b82c-80300c433fa4,16180,
1545670368925,1545670370256,3d97fe31-ecf4-412e-a120-47263fdcbd09,https://ckan-d4s.d4science.org/,Mapping115,00dd73a7-a05f-459f-ac74-c8edd762b8af,200,110,755f0ce8-2d0b-411e-a9c3-9fdca1b42dce,16612,
1545670370266,1545670371396,3d97fe31-ecf4-412e-a120-47263fdcbd09,https://ckan-d4s.d4science.org/,Mapping115,00dd73a7-a05f-459f-ac74-c8edd762b8af,200,114,48ab434b-e8e5-4672-8e87-ad7132bd6f95,16147,
1545670371404,1545670372555,3d97fe31-ecf4-412e-a120-47263fdcbd09,https://ckan-d4s.d4science.org/,Mapping115,00dd73a7-a05f-459f-ac74-c8edd762b8af,200,118,028722d3-2a00-42b6-83c0-7116dd617f27,15169,
1545670372580,1545670374364,3d97fe31-ecf4-412e-a120-47263fdcbd09,https://ckan-d4s.d4science.org/,Mapping115,00dd73a7-a05f-459f-ac74-c8edd762b8af,200,122,d1f79617-a663-494b-a7d1-cafe7d10e892,16641,
1545670374393,1545670375889,3d97fe31-ecf4-412e-a120-47263fdcbd09,https://ckan-d4s.d4science.org/,Mapping115,00dd73a7-a05f-459f-ac74-c8edd762b8af,200,126,fc7b5d44-b936-46dd-93c5-c5238b0a986e,16634,
1545670375964,1545670377438,3d97fe31-ecf4-412e-a120-47263fdcbd09,https://ckan-d4s.d4science.org/,Mapping115,00dd73a7-a05f-459f-ac74-c8edd762b8af,200,130,4d75c399-5ea7-4ff8-9964-adf5d2c350c3,16174,
1545670377481,1545670379023,3d97fe31-ecf4-412e-a120-47263fdcbd09,https://ckan-d4s.d4science.org/,Mapping115,00dd73a7-a05f-459f-ac74-c8edd762b8af,200,134,7befadbe-1453-41cf-baf9-2979af09d90f,16203,
1545670379046,1545670380145,3d97fe31-ecf4-412e-a120-47263fdcbd09,https://ckan-d4s.d4science.org/,Mapping115,00dd73a7-a05f-459f-ac74-c8edd762b8af,200,138,48c59e2b-5040-4ea7-af18-45807100186b,16162,
1545670380171,1545670381410,3d97fe31-ecf4-412e-a120-47263fdcbd09,https://ckan-d4s.d4science.org/,Mapping115,00dd73a7-a05f-459f-ac74-c8edd762b8af,200,142,6c58344b-e09d-40a8-aae5-c095517ba046,16205,
1545670381429,1545670382739,3d97fe31-ecf4-412e-a120-47263fdcbd09,https://ckan-d4s.d4science.org/,Mapping115,00dd73a7-a05f-459f-ac74-c8edd762b8af,200,146,e00b748a-cc2a-4c90-8c1e-09d7c03b0a45,16135,
1545670382794,1545670384367,3d97fe31-ecf4-412e-a120-47263fdcbd09,https://ckan-d4s.d4science.org/,Mapping115,00dd73a7-a05f-459f-ac74-c8edd762b8af,200,150,d27c3498-b5f5-4fec-bf94-2b8d3ca12901,17003,
1545670384396,1545670385682,3d97fe31-ecf4-412e-a120-47263fdcbd09,https://ckan-d4s.d4science.org/,Mapping115,00dd73a7-a05f-459f-ac74-c8edd762b8af,200,154,afa7c064-ab0c-44de-b7ab-72dc94d6d67c,16402,
1545670385756,1545670387208,3d97fe31-ecf4-412e-a120-47263fdcbd09,https://ckan-d4s.d4science.org/,Mapping115,00dd73a7-a05f-459f-ac74-c8edd762b8af,200,158,405472ff-6231-4407-975a-8fa78922384a,16140,
1545670387251,1545670388311,3d97fe31-ecf4-412e-a120-47263fdcbd09,https://ckan-d4s.d4science.org/,Mapping115,00dd73a7-a05f-459f-ac74-c8edd762b8af,200,162,4c382da9-cc0f-4123-b255-515b640a1074,16600,
1545670388391,1545670390254,3d97fe31-ecf4-412e-a120-47263fdcbd09,https://ckan-d4s.d4science.org/,Mapping115,00dd73a7-a05f-459f-ac74-c8edd762b8af,200,166,6f3f8ed2-e0b5-4ef4-8d58-e85a0bb5aac6,16135,
1545670390304,1545670391736,3d97fe31-ecf4-412e-a120-47263fdcbd09,https://ckan-d4s.d4science.org/,Mapping115,00dd73a7-a05f-459f-ac74-c8edd762b8af,200,170,e7f178a1-16b8-4be4-af99-1adfa529cc78,16164,
1545670391773,1545670392623,3d97fe31-ecf4-412e-a120-47263fdcbd09,https://ckan-d4s.d4science.org/,Mapping115,00dd73a7-a05f-459f-ac74-c8edd762b8af,200,174,5e2b0817-f5ab-40ce-a28e-9636abbd3fee,16132,
1545670392657,1545670394184,3d97fe31-ecf4-412e-a120-47263fdcbd09,https://ckan-d4s.d4science.org/,Mapping115,00dd73a7-a05f-459f-ac74-c8edd762b8af,200,178,8cd96ed4-bc50-4474-b89d-349501ee78f4,16606,
1545670394207,1545670395672,3d97fe31-ecf4-412e-a120-47263fdcbd09,https://ckan-d4s.d4science.org/,Mapping115,00dd73a7-a05f-459f-ac74-c8edd762b8af,200,182,cd38a79d-ddf5-4ce8-b951-128df042f44d,16611,
1545670395688,1545670396933,3d97fe31-ecf4-412e-a120-47263fdcbd09,https://ckan-d4s.d4science.org/,Mapping115,00dd73a7-a05f-459f-ac74-c8edd762b8af,200,186,f1272a1c-b62c-42c7-b7f8-5adf83c368d2,16631,
1545670396958,1545670398272,3d97fe31-ecf4-412e-a120-47263fdcbd09,https://ckan-d4s.d4science.org/,Mapping115,00dd73a7-a05f-459f-ac74-c8edd762b8af,200,190,a1000b6c-1413-412f-8d20-6acf01f6415f,15816,
1545670398304,1545670399619,3d97fe31-ecf4-412e-a120-47263fdcbd09,https://ckan-d4s.d4science.org/,Mapping115,00dd73a7-a05f-459f-ac74-c8edd762b8af,200,194,944dfdd0-dc73-407b-9d25-68a8d4785eba,16165,
1545670399634,1545670400659,3d97fe31-ecf4-412e-a120-47263fdcbd09,https://ckan-d4s.d4science.org/,Mapping115,00dd73a7-a05f-459f-ac74-c8edd762b8af,200,198,ddd47de4-56c1-4329-aff6-829f4d35cbe8,16637,
1545670404427,1545670406189,3d97fe31-ecf4-412e-a120-47263fdcbd09,https://ckan-d4s.d4science.org/,Mapping115,52cdd940-6deb-420d-8f69-e2447b2caa0f,200,2,2391064f-b10c-4c44-9c1f-004a442b0c32,16606,
1545670406222,1545670408240,3d97fe31-ecf4-412e-a120-47263fdcbd09,https://ckan-d4s.d4science.org/,Mapping115,52cdd940-6deb-420d-8f69-e2447b2caa0f,200,6,234a5de4-100d-4c59-b5f0-5c700c8f09d0,16626,
1545670408316,1545670410536,3d97fe31-ecf4-412e-a120-47263fdcbd09,https://ckan-d4s.d4science.org/,Mapping115,52cdd940-6deb-420d-8f69-e2447b2caa0f,200,10,e8188ed3-b5c0-4a39-ba35-3d93b6417bf5,16597,
1545670410594,1545670412081,3d97fe31-ecf4-412e-a120-47263fdcbd09,https://ckan-d4s.d4science.org/,Mapping115,52cdd940-6deb-420d-8f69-e2447b2caa0f,200,14,f080992b-05e3-4672-8b76-2f5256316fc7,16126,
1545670412124,1545670413756,3d97fe31-ecf4-412e-a120-47263fdcbd09,https://ckan-d4s.d4science.org/,Mapping115,52cdd940-6deb-420d-8f69-e2447b2caa0f,200,18,44fb0853-0780-4569-8d8a-864fcff8d970,16608,
1545670413824,1545670415138,3d97fe31-ecf4-412e-a120-47263fdcbd09,https://ckan-d4s.d4science.org/,Mapping115,52cdd940-6deb-420d-8f69-e2447b2caa0f,200,22,c4f1fa89-13ed-4675-bc85-3e911e64cea4,16619,
1545670415203,1545670416647,3d97fe31-ecf4-412e-a120-47263fdcbd09,https://ckan-d4s.d4science.org/,Mapping115,52cdd940-6deb-420d-8f69-e2447b2caa0f,200,26,fa763c49-e607-4daf-85f6-e7e4df2f8e5a,16130,
1545670416706,1545670418218,3d97fe31-ecf4-412e-a120-47263fdcbd09,https://ckan-d4s.d4science.org/,Mapping115,52cdd940-6deb-420d-8f69-e2447b2caa0f,200,30,9a99fe1e-3896-45e5-b1fd-58a402ec5f66,16611,
1545670418295,1545670420369,3d97fe31-ecf4-412e-a120-47263fdcbd09,https://ckan-d4s.d4science.org/,Mapping115,52cdd940-6deb-420d-8f69-e2447b2caa0f,200,34,4b41a289-520d-4434-812d-4d44a3304f18,19020,
1545670420407,1545670422107,3d97fe31-ecf4-412e-a120-47263fdcbd09,https://ckan-d4s.d4science.org/,Mapping115,52cdd940-6deb-420d-8f69-e2447b2caa0f,200,38,f99e7cdc-979e-4132-b7fc-a700ddee5693,16615,
1545670422150,1545670423507,3d97fe31-ecf4-412e-a120-47263fdcbd09,https://ckan-d4s.d4science.org/,Mapping115,52cdd940-6deb-420d-8f69-e2447b2caa0f,200,42,d689cb69-8925-4f5c-8155-36a11de9dcb8,16597,
1545670423529,1545670425353,3d97fe31-ecf4-412e-a120-47263fdcbd09,https://ckan-d4s.d4science.org/,Mapping115,52cdd940-6deb-420d-8f69-e2447b2caa0f,200,46,eb392aa8-53ec-4b7a-901a-42acdf80b803,16435,
1545670425401,1545670426978,3d97fe31-ecf4-412e-a120-47263fdcbd09,https://ckan-d4s.d4science.org/,Mapping115,52cdd940-6deb-420d-8f69-e2447b2caa0f,200,50,b6c49dc8-0c91-403d-a954-f24f4df235b4,17022,
1545670427024,1545670428372,3d97fe31-ecf4-412e-a120-47263fdcbd09,https://ckan-d4s.d4science.org/,Mapping115,52cdd940-6deb-420d-8f69-e2447b2caa0f,200,54,b9e02aef-a919-452b-8e45-ccc811941f72,16206,
1545670428410,1545670429978,3d97fe31-ecf4-412e-a120-47263fdcbd09,https://ckan-d4s.d4science.org/,Mapping115,52cdd940-6deb-420d-8f69-e2447b2caa0f,200,58,73418d86-3e32-4415-b909-3850d9854acf,16644,
1545670430008,1545670431190,3d97fe31-ecf4-412e-a120-47263fdcbd09,https://ckan-d4s.d4science.org/,Mapping115,52cdd940-6deb-420d-8f69-e2447b2caa0f,200,62,0678cb4e-b80c-496c-b315-0574dc1fcb3b,16134,
1545670431248,1545670432609,3d97fe31-ecf4-412e-a120-47263fdcbd09,https://ckan-d4s.d4science.org/,Mapping115,52cdd940-6deb-420d-8f69-e2447b2caa0f,200,66,f84c5f37-e7a1-4d3f-bc3a-6a7412837574,16171,
1545670432668,1545670434357,3d97fe31-ecf4-412e-a120-47263fdcbd09,https://ckan-d4s.d4science.org/,Mapping115,52cdd940-6deb-420d-8f69-e2447b2caa0f,200,70,776637d5-c74d-4ac4-9a61-54e18724bf2c,16609,
1545670434388,1545670435355,3d97fe31-ecf4-412e-a120-47263fdcbd09,https://ckan-d4s.d4science.org/,Mapping115,52cdd940-6deb-420d-8f69-e2447b2caa0f,200,74,284e8446-7660-48bd-9b87-101a50e9c833,17031,
1545670435398,1545670437675,3d97fe31-ecf4-412e-a120-47263fdcbd09,https://ckan-d4s.d4science.org/,Mapping115,52cdd940-6deb-420d-8f69-e2447b2caa0f,200,78,91ab47f1-a85f-47cd-88b9-23537ca0478c,16997,
1545670437723,1545670440344,3d97fe31-ecf4-412e-a120-47263fdcbd09,https://ckan-d4s.d4science.org/,Mapping115,52cdd940-6deb-420d-8f69-e2447b2caa0f,200,82,6a8b5e14-c52a-4356-99f2-d0cf643f5f31,16615,
1545670440408,1545670442891,3d97fe31-ecf4-412e-a120-47263fdcbd09,https://ckan-d4s.d4science.org/,Mapping115,52cdd940-6deb-420d-8f69-e2447b2caa0f,200,86,c0831044-ad9b-4deb-8b6b-69ca42ff2481,16621,
1545670442953,1545670445140,3d97fe31-ecf4-412e-a120-47263fdcbd09,https://ckan-d4s.d4science.org/,Mapping115,52cdd940-6deb-420d-8f69-e2447b2caa0f,200,90,f4e924ea-59c1-4ec8-b148-5ef8aa92b14b,16617,
1545670445211,1545670447127,3d97fe31-ecf4-412e-a120-47263fdcbd09,https://ckan-d4s.d4science.org/,Mapping115,52cdd940-6deb-420d-8f69-e2447b2caa0f,200,94,b6ef80aa-36a2-465e-b182-e352bb15fe9c,16603,
1545670447195,1545670448712,3d97fe31-ecf4-412e-a120-47263fdcbd09,https://ckan-d4s.d4science.org/,Mapping115,52cdd940-6deb-420d-8f69-e2447b2caa0f,200,98,f2bbde4c-5b4a-4478-84bd-7c7762dc67d7,16147,
1545670448794,1545670451058,3d97fe31-ecf4-412e-a120-47263fdcbd09,https://ckan-d4s.d4science.org/,Mapping115,52cdd940-6deb-420d-8f69-e2447b2caa0f,200,102,9701ceeb-9d8a-46d9-b1e3-e56ffa4480f5,19006,
1545670451114,1545670452317,3d97fe31-ecf4-412e-a120-47263fdcbd09,https://ckan-d4s.d4science.org/,Mapping115,52cdd940-6deb-420d-8f69-e2447b2caa0f,200,106,5e9e0fbd-a170-440b-b82c-80300c433fa4,16180,
1545670452341,1545670453691,3d97fe31-ecf4-412e-a120-47263fdcbd09,https://ckan-d4s.d4science.org/,Mapping115,52cdd940-6deb-420d-8f69-e2447b2caa0f,200,110,755f0ce8-2d0b-411e-a9c3-9fdca1b42dce,16612,
1545670453762,1545670454680,3d97fe31-ecf4-412e-a120-47263fdcbd09,https://ckan-d4s.d4science.org/,Mapping115,52cdd940-6deb-420d-8f69-e2447b2caa0f,200,114,48ab434b-e8e5-4672-8e87-ad7132bd6f95,16147,
1545670454709,1545670456467,3d97fe31-ecf4-412e-a120-47263fdcbd09,https://ckan-d4s.d4science.org/,Mapping115,52cdd940-6deb-420d-8f69-e2447b2caa0f,200,118,028722d3-2a00-42b6-83c0-7116dd617f27,15169,
1545670456547,1545670458363,3d97fe31-ecf4-412e-a120-47263fdcbd09,https://ckan-d4s.d4science.org/,Mapping115,52cdd940-6deb-420d-8f69-e2447b2caa0f,200,122,d1f79617-a663-494b-a7d1-cafe7d10e892,16641,
1545670458417,1545670460206,3d97fe31-ecf4-412e-a120-47263fdcbd09,https://ckan-d4s.d4science.org/,Mapping115,52cdd940-6deb-420d-8f69-e2447b2caa0f,200,126,fc7b5d44-b936-46dd-93c5-c5238b0a986e,16634,
1545670460225,1545670461445,3d97fe31-ecf4-412e-a120-47263fdcbd09,https://ckan-d4s.d4science.org/,Mapping115,52cdd940-6deb-420d-8f69-e2447b2caa0f,200,130,4d75c399-5ea7-4ff8-9964-adf5d2c350c3,16174,
1545670461480,1545670462701,3d97fe31-ecf4-412e-a120-47263fdcbd09,https://ckan-d4s.d4science.org/,Mapping115,52cdd940-6deb-420d-8f69-e2447b2caa0f,200,134,7befadbe-1453-41cf-baf9-2979af09d90f,16203,
1545670462736,1545670464171,3d97fe31-ecf4-412e-a120-47263fdcbd09,https://ckan-d4s.d4science.org/,Mapping115,52cdd940-6deb-420d-8f69-e2447b2caa0f,200,138,48c59e2b-5040-4ea7-af18-45807100186b,16162,
1545670464214,1545670465603,3d97fe31-ecf4-412e-a120-47263fdcbd09,https://ckan-d4s.d4science.org/,Mapping115,52cdd940-6deb-420d-8f69-e2447b2caa0f,200,142,6c58344b-e09d-40a8-aae5-c095517ba046,16205,
1545670465677,1545670466917,3d97fe31-ecf4-412e-a120-47263fdcbd09,https://ckan-d4s.d4science.org/,Mapping115,52cdd940-6deb-420d-8f69-e2447b2caa0f,200,146,e00b748a-cc2a-4c90-8c1e-09d7c03b0a45,16135,
1545670466979,1545670468820,3d97fe31-ecf4-412e-a120-47263fdcbd09,https://ckan-d4s.d4science.org/,Mapping115,52cdd940-6deb-420d-8f69-e2447b2caa0f,200,150,d27c3498-b5f5-4fec-bf94-2b8d3ca12901,17003,
1545670468913,1545670470312,3d97fe31-ecf4-412e-a120-47263fdcbd09,https://ckan-d4s.d4science.org/,Mapping115,52cdd940-6deb-420d-8f69-e2447b2caa0f,200,154,afa7c064-ab0c-44de-b7ab-72dc94d6d67c,16402,
1545670470372,1545670471748,3d97fe31-ecf4-412e-a120-47263fdcbd09,https://ckan-d4s.d4science.org/,Mapping115,52cdd940-6deb-420d-8f69-e2447b2caa0f,200,158,405472ff-6231-4407-975a-8fa78922384a,16140,
1545670471804,1545670473098,3d97fe31-ecf4-412e-a120-47263fdcbd09,https://ckan-d4s.d4science.org/,Mapping115,52cdd940-6deb-420d-8f69-e2447b2caa0f,200,162,4c382da9-cc0f-4123-b255-515b640a1074,16600,
1545670473156,1545670475654,3d97fe31-ecf4-412e-a120-47263fdcbd09,https://ckan-d4s.d4science.org/,Mapping115,52cdd940-6deb-420d-8f69-e2447b2caa0f,200,166,6f3f8ed2-e0b5-4ef4-8d58-e85a0bb5aac6,16135,
1545670475676,1545670477934,3d97fe31-ecf4-412e-a120-47263fdcbd09,https://ckan-d4s.d4science.org/,Mapping115,52cdd940-6deb-420d-8f69-e2447b2caa0f,200,170,e7f178a1-16b8-4be4-af99-1adfa529cc78,16164,
1545670477984,1545670479465,3d97fe31-ecf4-412e-a120-47263fdcbd09,https://ckan-d4s.d4science.org/,Mapping115,52cdd940-6deb-420d-8f69-e2447b2caa0f,200,174,5e2b0817-f5ab-40ce-a28e-9636abbd3fee,16132,
1545670479523,1545670481179,3d97fe31-ecf4-412e-a120-47263fdcbd09,https://ckan-d4s.d4science.org/,Mapping115,52cdd940-6deb-420d-8f69-e2447b2caa0f,200,178,8cd96ed4-bc50-4474-b89d-349501ee78f4,16606,
1545670481218,1545670482946,3d97fe31-ecf4-412e-a120-47263fdcbd09,https://ckan-d4s.d4science.org/,Mapping115,52cdd940-6deb-420d-8f69-e2447b2caa0f,200,182,cd38a79d-ddf5-4ce8-b951-128df042f44d,16611,
1545670483062,1545670485018,3d97fe31-ecf4-412e-a120-47263fdcbd09,https://ckan-d4s.d4science.org/,Mapping115,52cdd940-6deb-420d-8f69-e2447b2caa0f,200,186,f1272a1c-b62c-42c7-b7f8-5adf83c368d2,16631,
1545670485080,1545670486218,3d97fe31-ecf4-412e-a120-47263fdcbd09,https://ckan-d4s.d4science.org/,Mapping115,52cdd940-6deb-420d-8f69-e2447b2caa0f,200,190,a1000b6c-1413-412f-8d20-6acf01f6415f,15816,
1545670486278,1545670487867,3d97fe31-ecf4-412e-a120-47263fdcbd09,https://ckan-d4s.d4science.org/,Mapping115,52cdd940-6deb-420d-8f69-e2447b2caa0f,200,194,944dfdd0-dc73-407b-9d25-68a8d4785eba,16165,
1545670487997,1545670489149,3d97fe31-ecf4-412e-a120-47263fdcbd09,https://ckan-d4s.d4science.org/,Mapping115,52cdd940-6deb-420d-8f69-e2447b2caa0f,200,198,ddd47de4-56c1-4329-aff6-829f4d35cbe8,16637,
1545670507242,1545670508594,3d97fe31-ecf4-412e-a120-47263fdcbd09,https://ckan-d4s.d4science.org/,Mapping115,0655af03-64bd-4371-92ff-575f26584b0a,200,2,2391064f-b10c-4c44-9c1f-004a442b0c32,16606,
1545670508617,1545670509987,3d97fe31-ecf4-412e-a120-47263fdcbd09,https://ckan-d4s.d4science.org/,Mapping115,0655af03-64bd-4371-92ff-575f26584b0a,200,6,234a5de4-100d-4c59-b5f0-5c700c8f09d0,16626,
1545670510071,1545670511238,3d97fe31-ecf4-412e-a120-47263fdcbd09,https://ckan-d4s.d4science.org/,Mapping115,0655af03-64bd-4371-92ff-575f26584b0a,200,10,e8188ed3-b5c0-4a39-ba35-3d93b6417bf5,16597,
1545670511285,1545670512668,3d97fe31-ecf4-412e-a120-47263fdcbd09,https://ckan-d4s.d4science.org/,Mapping115,0655af03-64bd-4371-92ff-575f26584b0a,200,14,f080992b-05e3-4672-8b76-2f5256316fc7,16126,
1545670512733,1545670514386,3d97fe31-ecf4-412e-a120-47263fdcbd09,https://ckan-d4s.d4science.org/,Mapping115,0655af03-64bd-4371-92ff-575f26584b0a,200,18,44fb0853-0780-4569-8d8a-864fcff8d970,16608,
1545670514469,1545670515616,3d97fe31-ecf4-412e-a120-47263fdcbd09,https://ckan-d4s.d4science.org/,Mapping115,0655af03-64bd-4371-92ff-575f26584b0a,200,22,c4f1fa89-13ed-4675-bc85-3e911e64cea4,16619,
1545670515700,1545670517293,3d97fe31-ecf4-412e-a120-47263fdcbd09,https://ckan-d4s.d4science.org/,Mapping115,0655af03-64bd-4371-92ff-575f26584b0a,200,26,fa763c49-e607-4daf-85f6-e7e4df2f8e5a,16130,
1545670517333,1545670518585,3d97fe31-ecf4-412e-a120-47263fdcbd09,https://ckan-d4s.d4science.org/,Mapping115,0655af03-64bd-4371-92ff-575f26584b0a,200,30,9a99fe1e-3896-45e5-b1fd-58a402ec5f66,16611,
1545670518623,1545670520471,3d97fe31-ecf4-412e-a120-47263fdcbd09,https://ckan-d4s.d4science.org/,Mapping115,0655af03-64bd-4371-92ff-575f26584b0a,200,34,4b41a289-520d-4434-812d-4d44a3304f18,19020,
1545670520537,1545670522119,3d97fe31-ecf4-412e-a120-47263fdcbd09,https://ckan-d4s.d4science.org/,Mapping115,0655af03-64bd-4371-92ff-575f26584b0a,200,38,f99e7cdc-979e-4132-b7fc-a700ddee5693,16615,
1545670522193,1545670523611,3d97fe31-ecf4-412e-a120-47263fdcbd09,https://ckan-d4s.d4science.org/,Mapping115,0655af03-64bd-4371-92ff-575f26584b0a,200,42,d689cb69-8925-4f5c-8155-36a11de9dcb8,16597,
1545670523718,1545670525371,3d97fe31-ecf4-412e-a120-47263fdcbd09,https://ckan-d4s.d4science.org/,Mapping115,0655af03-64bd-4371-92ff-575f26584b0a,200,46,eb392aa8-53ec-4b7a-901a-42acdf80b803,16435,
1545670525429,1545670526992,3d97fe31-ecf4-412e-a120-47263fdcbd09,https://ckan-d4s.d4science.org/,Mapping115,0655af03-64bd-4371-92ff-575f26584b0a,200,50,b6c49dc8-0c91-403d-a954-f24f4df235b4,17022,
1545670527020,1545670528163,3d97fe31-ecf4-412e-a120-47263fdcbd09,https://ckan-d4s.d4science.org/,Mapping115,0655af03-64bd-4371-92ff-575f26584b0a,200,54,b9e02aef-a919-452b-8e45-ccc811941f72,16206,
1545670528255,1545670530271,3d97fe31-ecf4-412e-a120-47263fdcbd09,https://ckan-d4s.d4science.org/,Mapping115,0655af03-64bd-4371-92ff-575f26584b0a,200,58,73418d86-3e32-4415-b909-3850d9854acf,16644,
1545670530401,1545670532440,3d97fe31-ecf4-412e-a120-47263fdcbd09,https://ckan-d4s.d4science.org/,Mapping115,0655af03-64bd-4371-92ff-575f26584b0a,200,62,0678cb4e-b80c-496c-b315-0574dc1fcb3b,16134,
1545670532529,1545670533967,3d97fe31-ecf4-412e-a120-47263fdcbd09,https://ckan-d4s.d4science.org/,Mapping115,0655af03-64bd-4371-92ff-575f26584b0a,200,66,f84c5f37-e7a1-4d3f-bc3a-6a7412837574,16171,
1545670534069,1545670535475,3d97fe31-ecf4-412e-a120-47263fdcbd09,https://ckan-d4s.d4science.org/,Mapping115,0655af03-64bd-4371-92ff-575f26584b0a,200,70,776637d5-c74d-4ac4-9a61-54e18724bf2c,16609,
1545670535562,1545670537010,3d97fe31-ecf4-412e-a120-47263fdcbd09,https://ckan-d4s.d4science.org/,Mapping115,0655af03-64bd-4371-92ff-575f26584b0a,200,74,284e8446-7660-48bd-9b87-101a50e9c833,17031,
1545670537040,1545670538648,3d97fe31-ecf4-412e-a120-47263fdcbd09,https://ckan-d4s.d4science.org/,Mapping115,0655af03-64bd-4371-92ff-575f26584b0a,200,78,91ab47f1-a85f-47cd-88b9-23537ca0478c,16997,
1545670538720,1545670540427,3d97fe31-ecf4-412e-a120-47263fdcbd09,https://ckan-d4s.d4science.org/,Mapping115,0655af03-64bd-4371-92ff-575f26584b0a,200,82,6a8b5e14-c52a-4356-99f2-d0cf643f5f31,16615,
1545670540521,1545670542256,3d97fe31-ecf4-412e-a120-47263fdcbd09,https://ckan-d4s.d4science.org/,Mapping115,0655af03-64bd-4371-92ff-575f26584b0a,200,86,c0831044-ad9b-4deb-8b6b-69ca42ff2481,16621,
1545670542345,1545670543856,3d97fe31-ecf4-412e-a120-47263fdcbd09,https://ckan-d4s.d4science.org/,Mapping115,0655af03-64bd-4371-92ff-575f26584b0a,200,90,f4e924ea-59c1-4ec8-b148-5ef8aa92b14b,16617,
1545670543889,1545670545323,3d97fe31-ecf4-412e-a120-47263fdcbd09,https://ckan-d4s.d4science.org/,Mapping115,0655af03-64bd-4371-92ff-575f26584b0a,200,94,b6ef80aa-36a2-465e-b182-e352bb15fe9c,16603,
1545670545416,1545670546850,3d97fe31-ecf4-412e-a120-47263fdcbd09,https://ckan-d4s.d4science.org/,Mapping115,0655af03-64bd-4371-92ff-575f26584b0a,200,98,f2bbde4c-5b4a-4478-84bd-7c7762dc67d7,16147,
1545670546919,1545670549178,3d97fe31-ecf4-412e-a120-47263fdcbd09,https://ckan-d4s.d4science.org/,Mapping115,0655af03-64bd-4371-92ff-575f26584b0a,200,102,9701ceeb-9d8a-46d9-b1e3-e56ffa4480f5,19006,
1545670549259,1545670550844,3d97fe31-ecf4-412e-a120-47263fdcbd09,https://ckan-d4s.d4science.org/,Mapping115,0655af03-64bd-4371-92ff-575f26584b0a,200,106,5e9e0fbd-a170-440b-b82c-80300c433fa4,16180,
1545670550953,1545670553070,3d97fe31-ecf4-412e-a120-47263fdcbd09,https://ckan-d4s.d4science.org/,Mapping115,0655af03-64bd-4371-92ff-575f26584b0a,200,110,755f0ce8-2d0b-411e-a9c3-9fdca1b42dce,16612,
1545670553168,1545670554530,3d97fe31-ecf4-412e-a120-47263fdcbd09,https://ckan-d4s.d4science.org/,Mapping115,0655af03-64bd-4371-92ff-575f26584b0a,200,114,48ab434b-e8e5-4672-8e87-ad7132bd6f95,16147,
1545670554624,1545670555675,3d97fe31-ecf4-412e-a120-47263fdcbd09,https://ckan-d4s.d4science.org/,Mapping115,0655af03-64bd-4371-92ff-575f26584b0a,200,118,028722d3-2a00-42b6-83c0-7116dd617f27,15169,
1545670555721,1545670556894,3d97fe31-ecf4-412e-a120-47263fdcbd09,https://ckan-d4s.d4science.org/,Mapping115,0655af03-64bd-4371-92ff-575f26584b0a,200,122,d1f79617-a663-494b-a7d1-cafe7d10e892,16641,
1545670556953,1545670558235,3d97fe31-ecf4-412e-a120-47263fdcbd09,https://ckan-d4s.d4science.org/,Mapping115,0655af03-64bd-4371-92ff-575f26584b0a,200,126,fc7b5d44-b936-46dd-93c5-c5238b0a986e,16634,
1545670558292,1545670559752,3d97fe31-ecf4-412e-a120-47263fdcbd09,https://ckan-d4s.d4science.org/,Mapping115,0655af03-64bd-4371-92ff-575f26584b0a,200,130,4d75c399-5ea7-4ff8-9964-adf5d2c350c3,16174,
1545670559814,1545670561316,3d97fe31-ecf4-412e-a120-47263fdcbd09,https://ckan-d4s.d4science.org/,Mapping115,0655af03-64bd-4371-92ff-575f26584b0a,200,134,7befadbe-1453-41cf-baf9-2979af09d90f,16203,
1545670561342,1545670561994,3d97fe31-ecf4-412e-a120-47263fdcbd09,https://ckan-d4s.d4science.org/,Mapping115,0655af03-64bd-4371-92ff-575f26584b0a,200,138,48c59e2b-5040-4ea7-af18-45807100186b,16162,
1545670562031,1545670563518,3d97fe31-ecf4-412e-a120-47263fdcbd09,https://ckan-d4s.d4science.org/,Mapping115,0655af03-64bd-4371-92ff-575f26584b0a,200,142,6c58344b-e09d-40a8-aae5-c095517ba046,16205,
1545670563559,1545670564621,3d97fe31-ecf4-412e-a120-47263fdcbd09,https://ckan-d4s.d4science.org/,Mapping115,0655af03-64bd-4371-92ff-575f26584b0a,200,146,e00b748a-cc2a-4c90-8c1e-09d7c03b0a45,16135,
1545670564699,1545670565657,3d97fe31-ecf4-412e-a120-47263fdcbd09,https://ckan-d4s.d4science.org/,Mapping115,0655af03-64bd-4371-92ff-575f26584b0a,200,150,d27c3498-b5f5-4fec-bf94-2b8d3ca12901,17003,
1545670565755,1545670567231,3d97fe31-ecf4-412e-a120-47263fdcbd09,https://ckan-d4s.d4science.org/,Mapping115,0655af03-64bd-4371-92ff-575f26584b0a,200,154,afa7c064-ab0c-44de-b7ab-72dc94d6d67c,16402,
1545670567326,1545670568590,3d97fe31-ecf4-412e-a120-47263fdcbd09,https://ckan-d4s.d4science.org/,Mapping115,0655af03-64bd-4371-92ff-575f26584b0a,200,158,405472ff-6231-4407-975a-8fa78922384a,16140,
1545670568621,1545670570330,3d97fe31-ecf4-412e-a120-47263fdcbd09,https://ckan-d4s.d4science.org/,Mapping115,0655af03-64bd-4371-92ff-575f26584b0a,200,162,4c382da9-cc0f-4123-b255-515b640a1074,16600,
1545670570391,1545670572109,3d97fe31-ecf4-412e-a120-47263fdcbd09,https://ckan-d4s.d4science.org/,Mapping115,0655af03-64bd-4371-92ff-575f26584b0a,200,166,6f3f8ed2-e0b5-4ef4-8d58-e85a0bb5aac6,16135,
1545670572223,1545670573514,3d97fe31-ecf4-412e-a120-47263fdcbd09,https://ckan-d4s.d4science.org/,Mapping115,0655af03-64bd-4371-92ff-575f26584b0a,200,170,e7f178a1-16b8-4be4-af99-1adfa529cc78,16164,
1545670573605,1545670575180,3d97fe31-ecf4-412e-a120-47263fdcbd09,https://ckan-d4s.d4science.org/,Mapping115,0655af03-64bd-4371-92ff-575f26584b0a,200,174,5e2b0817-f5ab-40ce-a28e-9636abbd3fee,16132,
1545670575250,1545670576595,3d97fe31-ecf4-412e-a120-47263fdcbd09,https://ckan-d4s.d4science.org/,Mapping115,0655af03-64bd-4371-92ff-575f26584b0a,200,178,8cd96ed4-bc50-4474-b89d-349501ee78f4,16606,
1545670576685,1545670577868,3d97fe31-ecf4-412e-a120-47263fdcbd09,https://ckan-d4s.d4science.org/,Mapping115,0655af03-64bd-4371-92ff-575f26584b0a,200,182,cd38a79d-ddf5-4ce8-b951-128df042f44d,16611,
1545670577964,1545670579519,3d97fe31-ecf4-412e-a120-47263fdcbd09,https://ckan-d4s.d4science.org/,Mapping115,0655af03-64bd-4371-92ff-575f26584b0a,200,186,f1272a1c-b62c-42c7-b7f8-5adf83c368d2,16631,
1545670579627,1545670580970,3d97fe31-ecf4-412e-a120-47263fdcbd09,https://ckan-d4s.d4science.org/,Mapping115,0655af03-64bd-4371-92ff-575f26584b0a,200,190,a1000b6c-1413-412f-8d20-6acf01f6415f,15816,
1545670581064,1545670582542,3d97fe31-ecf4-412e-a120-47263fdcbd09,https://ckan-d4s.d4science.org/,Mapping115,0655af03-64bd-4371-92ff-575f26584b0a,200,194,944dfdd0-dc73-407b-9d25-68a8d4785eba,16165,
1545670582588,1545670583859,3d97fe31-ecf4-412e-a120-47263fdcbd09,https://ckan-d4s.d4science.org/,Mapping115,0655af03-64bd-4371-92ff-575f26584b0a,200,198,ddd47de4-56c1-4329-aff6-829f4d35cbe8,16637,
1545670609426,1545670611345,3d97fe31-ecf4-412e-a120-47263fdcbd09,https://ckan-d4s.d4science.org/,Mapping115,1ab72c6f-8d22-4667-bfea-1e60fc78a99f,200,2,2391064f-b10c-4c44-9c1f-004a442b0c32,16606,
1545670611413,1545670613241,3d97fe31-ecf4-412e-a120-47263fdcbd09,https://ckan-d4s.d4science.org/,Mapping115,1ab72c6f-8d22-4667-bfea-1e60fc78a99f,200,6,234a5de4-100d-4c59-b5f0-5c700c8f09d0,16626,
1545670613316,1545670615473,3d97fe31-ecf4-412e-a120-47263fdcbd09,https://ckan-d4s.d4science.org/,Mapping115,1ab72c6f-8d22-4667-bfea-1e60fc78a99f,200,10,e8188ed3-b5c0-4a39-ba35-3d93b6417bf5,16597,
1545670615599,1545670617575,3d97fe31-ecf4-412e-a120-47263fdcbd09,https://ckan-d4s.d4science.org/,Mapping115,1ab72c6f-8d22-4667-bfea-1e60fc78a99f,200,14,f080992b-05e3-4672-8b76-2f5256316fc7,16126,
1545670617659,1545670619309,3d97fe31-ecf4-412e-a120-47263fdcbd09,https://ckan-d4s.d4science.org/,Mapping115,1ab72c6f-8d22-4667-bfea-1e60fc78a99f,200,18,44fb0853-0780-4569-8d8a-864fcff8d970,16608,
1545670619409,1545670620547,3d97fe31-ecf4-412e-a120-47263fdcbd09,https://ckan-d4s.d4science.org/,Mapping115,1ab72c6f-8d22-4667-bfea-1e60fc78a99f,200,22,c4f1fa89-13ed-4675-bc85-3e911e64cea4,16619,
1545670620639,1545670621846,3d97fe31-ecf4-412e-a120-47263fdcbd09,https://ckan-d4s.d4science.org/,Mapping115,1ab72c6f-8d22-4667-bfea-1e60fc78a99f,200,26,fa763c49-e607-4daf-85f6-e7e4df2f8e5a,16130,
1545670621880,1545670622936,3d97fe31-ecf4-412e-a120-47263fdcbd09,https://ckan-d4s.d4science.org/,Mapping115,1ab72c6f-8d22-4667-bfea-1e60fc78a99f,200,30,9a99fe1e-3896-45e5-b1fd-58a402ec5f66,16611,
1545670622983,1545670624618,3d97fe31-ecf4-412e-a120-47263fdcbd09,https://ckan-d4s.d4science.org/,Mapping115,1ab72c6f-8d22-4667-bfea-1e60fc78a99f,200,34,4b41a289-520d-4434-812d-4d44a3304f18,19020,
1545670624690,1545670625965,3d97fe31-ecf4-412e-a120-47263fdcbd09,https://ckan-d4s.d4science.org/,Mapping115,1ab72c6f-8d22-4667-bfea-1e60fc78a99f,200,38,f99e7cdc-979e-4132-b7fc-a700ddee5693,16615,
1545670626084,1545670627768,3d97fe31-ecf4-412e-a120-47263fdcbd09,https://ckan-d4s.d4science.org/,Mapping115,1ab72c6f-8d22-4667-bfea-1e60fc78a99f,200,42,d689cb69-8925-4f5c-8155-36a11de9dcb8,16597,
1545670627878,1545670629269,3d97fe31-ecf4-412e-a120-47263fdcbd09,https://ckan-d4s.d4science.org/,Mapping115,1ab72c6f-8d22-4667-bfea-1e60fc78a99f,200,46,eb392aa8-53ec-4b7a-901a-42acdf80b803,16435,
1545670629411,1545670631085,3d97fe31-ecf4-412e-a120-47263fdcbd09,https://ckan-d4s.d4science.org/,Mapping115,1ab72c6f-8d22-4667-bfea-1e60fc78a99f,200,50,b6c49dc8-0c91-403d-a954-f24f4df235b4,17022,
1545670631153,1545670632235,3d97fe31-ecf4-412e-a120-47263fdcbd09,https://ckan-d4s.d4science.org/,Mapping115,1ab72c6f-8d22-4667-bfea-1e60fc78a99f,200,54,b9e02aef-a919-452b-8e45-ccc811941f72,16206,
1545670632348,1545670633283,3d97fe31-ecf4-412e-a120-47263fdcbd09,https://ckan-d4s.d4science.org/,Mapping115,1ab72c6f-8d22-4667-bfea-1e60fc78a99f,200,58,73418d86-3e32-4415-b909-3850d9854acf,16644,
1545670633346,1545670634731,3d97fe31-ecf4-412e-a120-47263fdcbd09,https://ckan-d4s.d4science.org/,Mapping115,1ab72c6f-8d22-4667-bfea-1e60fc78a99f,200,62,0678cb4e-b80c-496c-b315-0574dc1fcb3b,16134,
1545670634770,1545670636132,3d97fe31-ecf4-412e-a120-47263fdcbd09,https://ckan-d4s.d4science.org/,Mapping115,1ab72c6f-8d22-4667-bfea-1e60fc78a99f,200,66,f84c5f37-e7a1-4d3f-bc3a-6a7412837574,16171,
1545670636280,1545670637880,3d97fe31-ecf4-412e-a120-47263fdcbd09,https://ckan-d4s.d4science.org/,Mapping115,1ab72c6f-8d22-4667-bfea-1e60fc78a99f,200,70,776637d5-c74d-4ac4-9a61-54e18724bf2c,16609,
1545670638000,1545670639399,3d97fe31-ecf4-412e-a120-47263fdcbd09,https://ckan-d4s.d4science.org/,Mapping115,1ab72c6f-8d22-4667-bfea-1e60fc78a99f,200,74,284e8446-7660-48bd-9b87-101a50e9c833,17031,
1545670639480,1545670640645,3d97fe31-ecf4-412e-a120-47263fdcbd09,https://ckan-d4s.d4science.org/,Mapping115,1ab72c6f-8d22-4667-bfea-1e60fc78a99f,200,78,91ab47f1-a85f-47cd-88b9-23537ca0478c,16997,
1545670640728,1545670642259,3d97fe31-ecf4-412e-a120-47263fdcbd09,https://ckan-d4s.d4science.org/,Mapping115,1ab72c6f-8d22-4667-bfea-1e60fc78a99f,200,82,6a8b5e14-c52a-4356-99f2-d0cf643f5f31,16615,
1545670642355,1545670643657,3d97fe31-ecf4-412e-a120-47263fdcbd09,https://ckan-d4s.d4science.org/,Mapping115,1ab72c6f-8d22-4667-bfea-1e60fc78a99f,200,86,c0831044-ad9b-4deb-8b6b-69ca42ff2481,16621,
1545670643754,1545670645154,3d97fe31-ecf4-412e-a120-47263fdcbd09,https://ckan-d4s.d4science.org/,Mapping115,1ab72c6f-8d22-4667-bfea-1e60fc78a99f,200,90,f4e924ea-59c1-4ec8-b148-5ef8aa92b14b,16617,
1545670645253,1545670646854,3d97fe31-ecf4-412e-a120-47263fdcbd09,https://ckan-d4s.d4science.org/,Mapping115,1ab72c6f-8d22-4667-bfea-1e60fc78a99f,200,94,b6ef80aa-36a2-465e-b182-e352bb15fe9c,16603,
1545670646942,1545670648974,3d97fe31-ecf4-412e-a120-47263fdcbd09,https://ckan-d4s.d4science.org/,Mapping115,1ab72c6f-8d22-4667-bfea-1e60fc78a99f,200,98,f2bbde4c-5b4a-4478-84bd-7c7762dc67d7,16147,
1545670649067,1545670650788,3d97fe31-ecf4-412e-a120-47263fdcbd09,https://ckan-d4s.d4science.org/,Mapping115,1ab72c6f-8d22-4667-bfea-1e60fc78a99f,200,102,9701ceeb-9d8a-46d9-b1e3-e56ffa4480f5,19006,
1545670650890,1545670652060,3d97fe31-ecf4-412e-a120-47263fdcbd09,https://ckan-d4s.d4science.org/,Mapping115,1ab72c6f-8d22-4667-bfea-1e60fc78a99f,200,106,5e9e0fbd-a170-440b-b82c-80300c433fa4,16180,
1545670652191,1545670653749,3d97fe31-ecf4-412e-a120-47263fdcbd09,https://ckan-d4s.d4science.org/,Mapping115,1ab72c6f-8d22-4667-bfea-1e60fc78a99f,200,110,755f0ce8-2d0b-411e-a9c3-9fdca1b42dce,16612,
1545670653787,1545670655325,3d97fe31-ecf4-412e-a120-47263fdcbd09,https://ckan-d4s.d4science.org/,Mapping115,1ab72c6f-8d22-4667-bfea-1e60fc78a99f,200,114,48ab434b-e8e5-4672-8e87-ad7132bd6f95,16147,
1545670655442,1545670656853,3d97fe31-ecf4-412e-a120-47263fdcbd09,https://ckan-d4s.d4science.org/,Mapping115,1ab72c6f-8d22-4667-bfea-1e60fc78a99f,200,118,028722d3-2a00-42b6-83c0-7116dd617f27,15169,
1545670656993,1545670658187,3d97fe31-ecf4-412e-a120-47263fdcbd09,https://ckan-d4s.d4science.org/,Mapping115,1ab72c6f-8d22-4667-bfea-1e60fc78a99f,200,122,d1f79617-a663-494b-a7d1-cafe7d10e892,16641,
1545670658275,1545670659767,3d97fe31-ecf4-412e-a120-47263fdcbd09,https://ckan-d4s.d4science.org/,Mapping115,1ab72c6f-8d22-4667-bfea-1e60fc78a99f,200,126,fc7b5d44-b936-46dd-93c5-c5238b0a986e,16634,
1545670659904,1545670661243,3d97fe31-ecf4-412e-a120-47263fdcbd09,https://ckan-d4s.d4science.org/,Mapping115,1ab72c6f-8d22-4667-bfea-1e60fc78a99f,200,130,4d75c399-5ea7-4ff8-9964-adf5d2c350c3,16174,
1545670661361,1545670662618,3d97fe31-ecf4-412e-a120-47263fdcbd09,https://ckan-d4s.d4science.org/,Mapping115,1ab72c6f-8d22-4667-bfea-1e60fc78a99f,200,134,7befadbe-1453-41cf-baf9-2979af09d90f,16203,
1545670662691,1545670664137,3d97fe31-ecf4-412e-a120-47263fdcbd09,https://ckan-d4s.d4science.org/,Mapping115,1ab72c6f-8d22-4667-bfea-1e60fc78a99f,200,138,48c59e2b-5040-4ea7-af18-45807100186b,16162,
1545670664242,1545670665516,3d97fe31-ecf4-412e-a120-47263fdcbd09,https://ckan-d4s.d4science.org/,Mapping115,1ab72c6f-8d22-4667-bfea-1e60fc78a99f,200,142,6c58344b-e09d-40a8-aae5-c095517ba046,16205,
1545670665604,1545670667227,3d97fe31-ecf4-412e-a120-47263fdcbd09,https://ckan-d4s.d4science.org/,Mapping115,1ab72c6f-8d22-4667-bfea-1e60fc78a99f,200,146,e00b748a-cc2a-4c90-8c1e-09d7c03b0a45,16135,
1545670667321,1545670668853,3d97fe31-ecf4-412e-a120-47263fdcbd09,https://ckan-d4s.d4science.org/,Mapping115,1ab72c6f-8d22-4667-bfea-1e60fc78a99f,200,150,d27c3498-b5f5-4fec-bf94-2b8d3ca12901,17003,
1545670668922,1545670670313,3d97fe31-ecf4-412e-a120-47263fdcbd09,https://ckan-d4s.d4science.org/,Mapping115,1ab72c6f-8d22-4667-bfea-1e60fc78a99f,200,154,afa7c064-ab0c-44de-b7ab-72dc94d6d67c,16402,
1545670670367,1545670671775,3d97fe31-ecf4-412e-a120-47263fdcbd09,https://ckan-d4s.d4science.org/,Mapping115,1ab72c6f-8d22-4667-bfea-1e60fc78a99f,200,158,405472ff-6231-4407-975a-8fa78922384a,16140,
1545670671862,1545670673736,3d97fe31-ecf4-412e-a120-47263fdcbd09,https://ckan-d4s.d4science.org/,Mapping115,1ab72c6f-8d22-4667-bfea-1e60fc78a99f,200,162,4c382da9-cc0f-4123-b255-515b640a1074,16600,
1545670673850,1545670675317,3d97fe31-ecf4-412e-a120-47263fdcbd09,https://ckan-d4s.d4science.org/,Mapping115,1ab72c6f-8d22-4667-bfea-1e60fc78a99f,200,166,6f3f8ed2-e0b5-4ef4-8d58-e85a0bb5aac6,16135,
1545670675437,1545670677177,3d97fe31-ecf4-412e-a120-47263fdcbd09,https://ckan-d4s.d4science.org/,Mapping115,1ab72c6f-8d22-4667-bfea-1e60fc78a99f,200,170,e7f178a1-16b8-4be4-af99-1adfa529cc78,16164,
1545670677263,1545670678661,3d97fe31-ecf4-412e-a120-47263fdcbd09,https://ckan-d4s.d4science.org/,Mapping115,1ab72c6f-8d22-4667-bfea-1e60fc78a99f,200,174,5e2b0817-f5ab-40ce-a28e-9636abbd3fee,16132,
1545670678746,1545670680080,3d97fe31-ecf4-412e-a120-47263fdcbd09,https://ckan-d4s.d4science.org/,Mapping115,1ab72c6f-8d22-4667-bfea-1e60fc78a99f,200,178,8cd96ed4-bc50-4474-b89d-349501ee78f4,16606,
1545670680152,1545670681541,3d97fe31-ecf4-412e-a120-47263fdcbd09,https://ckan-d4s.d4science.org/,Mapping115,1ab72c6f-8d22-4667-bfea-1e60fc78a99f,200,182,cd38a79d-ddf5-4ce8-b951-128df042f44d,16611,
1545670681613,1545670683760,3d97fe31-ecf4-412e-a120-47263fdcbd09,https://ckan-d4s.d4science.org/,Mapping115,1ab72c6f-8d22-4667-bfea-1e60fc78a99f,200,186,f1272a1c-b62c-42c7-b7f8-5adf83c368d2,16631,
1545670683962,1545670685496,3d97fe31-ecf4-412e-a120-47263fdcbd09,https://ckan-d4s.d4science.org/,Mapping115,1ab72c6f-8d22-4667-bfea-1e60fc78a99f,200,190,a1000b6c-1413-412f-8d20-6acf01f6415f,15816,
1545670685638,1545670686724,3d97fe31-ecf4-412e-a120-47263fdcbd09,https://ckan-d4s.d4science.org/,Mapping115,1ab72c6f-8d22-4667-bfea-1e60fc78a99f,200,194,944dfdd0-dc73-407b-9d25-68a8d4785eba,16165,
1545670686783,1545670688193,3d97fe31-ecf4-412e-a120-47263fdcbd09,https://ckan-d4s.d4science.org/,Mapping115,1ab72c6f-8d22-4667-bfea-1e60fc78a99f,200,198,ddd47de4-56c1-4329-aff6-829f4d35cbe8,16637,
1545670712645,1545670714539,3d97fe31-ecf4-412e-a120-47263fdcbd09,https://ckan-d4s.d4science.org/,Mapping115,5ed3131f-c7db-4c98-aeeb-7108355e831b,200,2,2391064f-b10c-4c44-9c1f-004a442b0c32,16606,
1545670714714,1545670716253,3d97fe31-ecf4-412e-a120-47263fdcbd09,https://ckan-d4s.d4science.org/,Mapping115,5ed3131f-c7db-4c98-aeeb-7108355e831b,200,6,234a5de4-100d-4c59-b5f0-5c700c8f09d0,16626,
1545670716381,1545670717829,3d97fe31-ecf4-412e-a120-47263fdcbd09,https://ckan-d4s.d4science.org/,Mapping115,5ed3131f-c7db-4c98-aeeb-7108355e831b,200,10,e8188ed3-b5c0-4a39-ba35-3d93b6417bf5,16597,
1545670717916,1545670719524,3d97fe31-ecf4-412e-a120-47263fdcbd09,https://ckan-d4s.d4science.org/,Mapping115,5ed3131f-c7db-4c98-aeeb-7108355e831b,200,14,f080992b-05e3-4672-8b76-2f5256316fc7,16126,
1545670719639,1545670721050,3d97fe31-ecf4-412e-a120-47263fdcbd09,https://ckan-d4s.d4science.org/,Mapping115,5ed3131f-c7db-4c98-aeeb-7108355e831b,200,18,44fb0853-0780-4569-8d8a-864fcff8d970,16608,
1545670721126,1545670722193,3d97fe31-ecf4-412e-a120-47263fdcbd09,https://ckan-d4s.d4science.org/,Mapping115,5ed3131f-c7db-4c98-aeeb-7108355e831b,200,22,c4f1fa89-13ed-4675-bc85-3e911e64cea4,16619,
1545670722233,1545670723700,3d97fe31-ecf4-412e-a120-47263fdcbd09,https://ckan-d4s.d4science.org/,Mapping115,5ed3131f-c7db-4c98-aeeb-7108355e831b,200,26,fa763c49-e607-4daf-85f6-e7e4df2f8e5a,16130,
1545670723806,1545670724872,3d97fe31-ecf4-412e-a120-47263fdcbd09,https://ckan-d4s.d4science.org/,Mapping115,5ed3131f-c7db-4c98-aeeb-7108355e831b,200,30,9a99fe1e-3896-45e5-b1fd-58a402ec5f66,16611,
1545670724907,1545670726356,3d97fe31-ecf4-412e-a120-47263fdcbd09,https://ckan-d4s.d4science.org/,Mapping115,5ed3131f-c7db-4c98-aeeb-7108355e831b,200,34,4b41a289-520d-4434-812d-4d44a3304f18,19020,
1545670726429,1545670727772,3d97fe31-ecf4-412e-a120-47263fdcbd09,https://ckan-d4s.d4science.org/,Mapping115,5ed3131f-c7db-4c98-aeeb-7108355e831b,200,38,f99e7cdc-979e-4132-b7fc-a700ddee5693,16615,
1545670727898,1545670729558,3d97fe31-ecf4-412e-a120-47263fdcbd09,https://ckan-d4s.d4science.org/,Mapping115,5ed3131f-c7db-4c98-aeeb-7108355e831b,200,42,d689cb69-8925-4f5c-8155-36a11de9dcb8,16597,
1545670729656,1545670731136,3d97fe31-ecf4-412e-a120-47263fdcbd09,https://ckan-d4s.d4science.org/,Mapping115,5ed3131f-c7db-4c98-aeeb-7108355e831b,200,46,eb392aa8-53ec-4b7a-901a-42acdf80b803,16435,
1545670731292,1545670732611,3d97fe31-ecf4-412e-a120-47263fdcbd09,https://ckan-d4s.d4science.org/,Mapping115,5ed3131f-c7db-4c98-aeeb-7108355e831b,200,50,b6c49dc8-0c91-403d-a954-f24f4df235b4,17022,
1545670732679,1545670734204,3d97fe31-ecf4-412e-a120-47263fdcbd09,https://ckan-d4s.d4science.org/,Mapping115,5ed3131f-c7db-4c98-aeeb-7108355e831b,200,54,b9e02aef-a919-452b-8e45-ccc811941f72,16206,
1545670734346,1545670736399,3d97fe31-ecf4-412e-a120-47263fdcbd09,https://ckan-d4s.d4science.org/,Mapping115,5ed3131f-c7db-4c98-aeeb-7108355e831b,200,58,73418d86-3e32-4415-b909-3850d9854acf,16644,
1545670736508,1545670738222,3d97fe31-ecf4-412e-a120-47263fdcbd09,https://ckan-d4s.d4science.org/,Mapping115,5ed3131f-c7db-4c98-aeeb-7108355e831b,200,62,0678cb4e-b80c-496c-b315-0574dc1fcb3b,16134,
1545670738378,1545670740075,3d97fe31-ecf4-412e-a120-47263fdcbd09,https://ckan-d4s.d4science.org/,Mapping115,5ed3131f-c7db-4c98-aeeb-7108355e831b,200,66,f84c5f37-e7a1-4d3f-bc3a-6a7412837574,16171,
1545670740178,1545670741704,3d97fe31-ecf4-412e-a120-47263fdcbd09,https://ckan-d4s.d4science.org/,Mapping115,5ed3131f-c7db-4c98-aeeb-7108355e831b,200,70,776637d5-c74d-4ac4-9a61-54e18724bf2c,16609,
1545670741784,1545670743223,3d97fe31-ecf4-412e-a120-47263fdcbd09,https://ckan-d4s.d4science.org/,Mapping115,5ed3131f-c7db-4c98-aeeb-7108355e831b,200,74,284e8446-7660-48bd-9b87-101a50e9c833,17031,
1545670743285,1545670745099,3d97fe31-ecf4-412e-a120-47263fdcbd09,https://ckan-d4s.d4science.org/,Mapping115,5ed3131f-c7db-4c98-aeeb-7108355e831b,200,78,91ab47f1-a85f-47cd-88b9-23537ca0478c,16997,
1545670745238,1545670746384,3d97fe31-ecf4-412e-a120-47263fdcbd09,https://ckan-d4s.d4science.org/,Mapping115,5ed3131f-c7db-4c98-aeeb-7108355e831b,200,82,6a8b5e14-c52a-4356-99f2-d0cf643f5f31,16615,
1545670746564,1545670748312,3d97fe31-ecf4-412e-a120-47263fdcbd09,https://ckan-d4s.d4science.org/,Mapping115,5ed3131f-c7db-4c98-aeeb-7108355e831b,200,86,c0831044-ad9b-4deb-8b6b-69ca42ff2481,16621,
1545670748452,1545670749959,3d97fe31-ecf4-412e-a120-47263fdcbd09,https://ckan-d4s.d4science.org/,Mapping115,5ed3131f-c7db-4c98-aeeb-7108355e831b,200,90,f4e924ea-59c1-4ec8-b148-5ef8aa92b14b,16617,
1545670750096,1545670751578,3d97fe31-ecf4-412e-a120-47263fdcbd09,https://ckan-d4s.d4science.org/,Mapping115,5ed3131f-c7db-4c98-aeeb-7108355e831b,200,94,b6ef80aa-36a2-465e-b182-e352bb15fe9c,16603,
1545670751701,1545670753013,3d97fe31-ecf4-412e-a120-47263fdcbd09,https://ckan-d4s.d4science.org/,Mapping115,5ed3131f-c7db-4c98-aeeb-7108355e831b,200,98,f2bbde4c-5b4a-4478-84bd-7c7762dc67d7,16147,
1545670753045,1545670754770,3d97fe31-ecf4-412e-a120-47263fdcbd09,https://ckan-d4s.d4science.org/,Mapping115,5ed3131f-c7db-4c98-aeeb-7108355e831b,200,102,9701ceeb-9d8a-46d9-b1e3-e56ffa4480f5,19006,
1545670754956,1545670756043,3d97fe31-ecf4-412e-a120-47263fdcbd09,https://ckan-d4s.d4science.org/,Mapping115,5ed3131f-c7db-4c98-aeeb-7108355e831b,200,106,5e9e0fbd-a170-440b-b82c-80300c433fa4,16180,
1545670756186,1545670758998,3d97fe31-ecf4-412e-a120-47263fdcbd09,https://ckan-d4s.d4science.org/,Mapping115,5ed3131f-c7db-4c98-aeeb-7108355e831b,200,110,755f0ce8-2d0b-411e-a9c3-9fdca1b42dce,16612,
1545670759114,1545670761231,3d97fe31-ecf4-412e-a120-47263fdcbd09,https://ckan-d4s.d4science.org/,Mapping115,5ed3131f-c7db-4c98-aeeb-7108355e831b,200,114,48ab434b-e8e5-4672-8e87-ad7132bd6f95,16147,
1545670761417,1545670763578,3d97fe31-ecf4-412e-a120-47263fdcbd09,https://ckan-d4s.d4science.org/,Mapping115,5ed3131f-c7db-4c98-aeeb-7108355e831b,200,118,028722d3-2a00-42b6-83c0-7116dd617f27,15169,
1545670763657,1545670765245,3d97fe31-ecf4-412e-a120-47263fdcbd09,https://ckan-d4s.d4science.org/,Mapping115,5ed3131f-c7db-4c98-aeeb-7108355e831b,200,122,d1f79617-a663-494b-a7d1-cafe7d10e892,16641,
1545670765369,1545670767087,3d97fe31-ecf4-412e-a120-47263fdcbd09,https://ckan-d4s.d4science.org/,Mapping115,5ed3131f-c7db-4c98-aeeb-7108355e831b,200,126,fc7b5d44-b936-46dd-93c5-c5238b0a986e,16634,
1545670767284,1545670768502,3d97fe31-ecf4-412e-a120-47263fdcbd09,https://ckan-d4s.d4science.org/,Mapping115,5ed3131f-c7db-4c98-aeeb-7108355e831b,200,130,4d75c399-5ea7-4ff8-9964-adf5d2c350c3,16174,
1545670768646,1545670770121,3d97fe31-ecf4-412e-a120-47263fdcbd09,https://ckan-d4s.d4science.org/,Mapping115,5ed3131f-c7db-4c98-aeeb-7108355e831b,200,134,7befadbe-1453-41cf-baf9-2979af09d90f,16203,
1545670770220,1545670771177,3d97fe31-ecf4-412e-a120-47263fdcbd09,https://ckan-d4s.d4science.org/,Mapping115,5ed3131f-c7db-4c98-aeeb-7108355e831b,200,138,48c59e2b-5040-4ea7-af18-45807100186b,16162,
1545670771252,1545670772481,3d97fe31-ecf4-412e-a120-47263fdcbd09,https://ckan-d4s.d4science.org/,Mapping115,5ed3131f-c7db-4c98-aeeb-7108355e831b,200,142,6c58344b-e09d-40a8-aae5-c095517ba046,16205,
1545670772530,1545670773824,3d97fe31-ecf4-412e-a120-47263fdcbd09,https://ckan-d4s.d4science.org/,Mapping115,5ed3131f-c7db-4c98-aeeb-7108355e831b,200,146,e00b748a-cc2a-4c90-8c1e-09d7c03b0a45,16135,
1545670773945,1545670775325,3d97fe31-ecf4-412e-a120-47263fdcbd09,https://ckan-d4s.d4science.org/,Mapping115,5ed3131f-c7db-4c98-aeeb-7108355e831b,200,150,d27c3498-b5f5-4fec-bf94-2b8d3ca12901,17003,
1545670775412,1545670776896,3d97fe31-ecf4-412e-a120-47263fdcbd09,https://ckan-d4s.d4science.org/,Mapping115,5ed3131f-c7db-4c98-aeeb-7108355e831b,200,154,afa7c064-ab0c-44de-b7ab-72dc94d6d67c,16402,
1545670776933,1545670778793,3d97fe31-ecf4-412e-a120-47263fdcbd09,https://ckan-d4s.d4science.org/,Mapping115,5ed3131f-c7db-4c98-aeeb-7108355e831b,200,158,405472ff-6231-4407-975a-8fa78922384a,16140,
1545670778930,1545670780610,3d97fe31-ecf4-412e-a120-47263fdcbd09,https://ckan-d4s.d4science.org/,Mapping115,5ed3131f-c7db-4c98-aeeb-7108355e831b,200,162,4c382da9-cc0f-4123-b255-515b640a1074,16600,
1545670780716,1545670782155,3d97fe31-ecf4-412e-a120-47263fdcbd09,https://ckan-d4s.d4science.org/,Mapping115,5ed3131f-c7db-4c98-aeeb-7108355e831b,200,166,6f3f8ed2-e0b5-4ef4-8d58-e85a0bb5aac6,16135,
1545670782284,1545670783661,3d97fe31-ecf4-412e-a120-47263fdcbd09,https://ckan-d4s.d4science.org/,Mapping115,5ed3131f-c7db-4c98-aeeb-7108355e831b,200,170,e7f178a1-16b8-4be4-af99-1adfa529cc78,16164,
1545670783833,1545670784960,3d97fe31-ecf4-412e-a120-47263fdcbd09,https://ckan-d4s.d4science.org/,Mapping115,5ed3131f-c7db-4c98-aeeb-7108355e831b,200,174,5e2b0817-f5ab-40ce-a28e-9636abbd3fee,16132,
1545670785106,1545670786672,3d97fe31-ecf4-412e-a120-47263fdcbd09,https://ckan-d4s.d4science.org/,Mapping115,5ed3131f-c7db-4c98-aeeb-7108355e831b,200,178,8cd96ed4-bc50-4474-b89d-349501ee78f4,16606,
1545670786784,1545670788285,3d97fe31-ecf4-412e-a120-47263fdcbd09,https://ckan-d4s.d4science.org/,Mapping115,5ed3131f-c7db-4c98-aeeb-7108355e831b,200,182,cd38a79d-ddf5-4ce8-b951-128df042f44d,16611,
1545670788389,1545670789760,3d97fe31-ecf4-412e-a120-47263fdcbd09,https://ckan-d4s.d4science.org/,Mapping115,5ed3131f-c7db-4c98-aeeb-7108355e831b,200,186,f1272a1c-b62c-42c7-b7f8-5adf83c368d2,16631,
1545670789854,1545670790797,3d97fe31-ecf4-412e-a120-47263fdcbd09,https://ckan-d4s.d4science.org/,Mapping115,5ed3131f-c7db-4c98-aeeb-7108355e831b,200,190,a1000b6c-1413-412f-8d20-6acf01f6415f,15816,
1545670790864,1545670791976,3d97fe31-ecf4-412e-a120-47263fdcbd09,https://ckan-d4s.d4science.org/,Mapping115,5ed3131f-c7db-4c98-aeeb-7108355e831b,200,194,944dfdd0-dc73-407b-9d25-68a8d4785eba,16165,
1545670792129,1545670793368,3d97fe31-ecf4-412e-a120-47263fdcbd09,https://ckan-d4s.d4science.org/,Mapping115,5ed3131f-c7db-4c98-aeeb-7108355e831b,200,198,ddd47de4-56c1-4329-aff6-829f4d35cbe8,16637,
1545670847346,1545670849953,3d97fe31-ecf4-412e-a120-47263fdcbd09,https://ckan-d4s.d4science.org/,Mapping115,31f37f17-5665-4bbf-97ed-6b45542edb86,200,2,2391064f-b10c-4c44-9c1f-004a442b0c32,16606,
1545670850158,1545670852690,3d97fe31-ecf4-412e-a120-47263fdcbd09,https://ckan-d4s.d4science.org/,Mapping115,31f37f17-5665-4bbf-97ed-6b45542edb86,200,10,e8188ed3-b5c0-4a39-ba35-3d93b6417bf5,16597,
1545670852806,1545670855260,3d97fe31-ecf4-412e-a120-47263fdcbd09,https://ckan-d4s.d4science.org/,Mapping115,31f37f17-5665-4bbf-97ed-6b45542edb86,200,18,44fb0853-0780-4569-8d8a-864fcff8d970,16608,
1545670855484,1545670857803,3d97fe31-ecf4-412e-a120-47263fdcbd09,https://ckan-d4s.d4science.org/,Mapping115,31f37f17-5665-4bbf-97ed-6b45542edb86,200,26,fa763c49-e607-4daf-85f6-e7e4df2f8e5a,16130,
1545670857983,1545670860170,3d97fe31-ecf4-412e-a120-47263fdcbd09,https://ckan-d4s.d4science.org/,Mapping115,31f37f17-5665-4bbf-97ed-6b45542edb86,200,34,4b41a289-520d-4434-812d-4d44a3304f18,19020,
1545670860383,1545670862687,3d97fe31-ecf4-412e-a120-47263fdcbd09,https://ckan-d4s.d4science.org/,Mapping115,31f37f17-5665-4bbf-97ed-6b45542edb86,200,42,d689cb69-8925-4f5c-8155-36a11de9dcb8,16597,
1545670862935,1545670864939,3d97fe31-ecf4-412e-a120-47263fdcbd09,https://ckan-d4s.d4science.org/,Mapping115,31f37f17-5665-4bbf-97ed-6b45542edb86,200,50,b6c49dc8-0c91-403d-a954-f24f4df235b4,17022,
1545670865080,1545670866643,3d97fe31-ecf4-412e-a120-47263fdcbd09,https://ckan-d4s.d4science.org/,Mapping115,31f37f17-5665-4bbf-97ed-6b45542edb86,200,58,73418d86-3e32-4415-b909-3850d9854acf,16644,
1545670866799,1545670869022,3d97fe31-ecf4-412e-a120-47263fdcbd09,https://ckan-d4s.d4science.org/,Mapping115,31f37f17-5665-4bbf-97ed-6b45542edb86,200,66,f84c5f37-e7a1-4d3f-bc3a-6a7412837574,16171,
1545670869253,1545670871833,3d97fe31-ecf4-412e-a120-47263fdcbd09,https://ckan-d4s.d4science.org/,Mapping115,31f37f17-5665-4bbf-97ed-6b45542edb86,200,74,284e8446-7660-48bd-9b87-101a50e9c833,17031,
1545670871989,1545670874930,3d97fe31-ecf4-412e-a120-47263fdcbd09,https://ckan-d4s.d4science.org/,Mapping115,31f37f17-5665-4bbf-97ed-6b45542edb86,200,82,6a8b5e14-c52a-4356-99f2-d0cf643f5f31,16615,
1545670875260,1545670879144,3d97fe31-ecf4-412e-a120-47263fdcbd09,https://ckan-d4s.d4science.org/,Mapping115,31f37f17-5665-4bbf-97ed-6b45542edb86,200,90,f4e924ea-59c1-4ec8-b148-5ef8aa92b14b,16617,
1545670879402,1545670881291,3d97fe31-ecf4-412e-a120-47263fdcbd09,https://ckan-d4s.d4science.org/,Mapping115,31f37f17-5665-4bbf-97ed-6b45542edb86,200,98,f2bbde4c-5b4a-4478-84bd-7c7762dc67d7,16147,
1545670881508,1545670883940,3d97fe31-ecf4-412e-a120-47263fdcbd09,https://ckan-d4s.d4science.org/,Mapping115,31f37f17-5665-4bbf-97ed-6b45542edb86,200,106,5e9e0fbd-a170-440b-b82c-80300c433fa4,16180,
1545670884045,1545670886259,3d97fe31-ecf4-412e-a120-47263fdcbd09,https://ckan-d4s.d4science.org/,Mapping115,31f37f17-5665-4bbf-97ed-6b45542edb86,200,114,48ab434b-e8e5-4672-8e87-ad7132bd6f95,16147,
1545670886411,1545670888941,3d97fe31-ecf4-412e-a120-47263fdcbd09,https://ckan-d4s.d4science.org/,Mapping115,31f37f17-5665-4bbf-97ed-6b45542edb86,200,122,d1f79617-a663-494b-a7d1-cafe7d10e892,16641,
1545670889113,1545670891659,3d97fe31-ecf4-412e-a120-47263fdcbd09,https://ckan-d4s.d4science.org/,Mapping115,31f37f17-5665-4bbf-97ed-6b45542edb86,200,130,4d75c399-5ea7-4ff8-9964-adf5d2c350c3,16174,
1545670891846,1545670893927,3d97fe31-ecf4-412e-a120-47263fdcbd09,https://ckan-d4s.d4science.org/,Mapping115,31f37f17-5665-4bbf-97ed-6b45542edb86,200,138,48c59e2b-5040-4ea7-af18-45807100186b,16162,
1545670894052,1545670895937,3d97fe31-ecf4-412e-a120-47263fdcbd09,https://ckan-d4s.d4science.org/,Mapping115,31f37f17-5665-4bbf-97ed-6b45542edb86,200,146,e00b748a-cc2a-4c90-8c1e-09d7c03b0a45,16135,
1545670896064,1545670898308,3d97fe31-ecf4-412e-a120-47263fdcbd09,https://ckan-d4s.d4science.org/,Mapping115,31f37f17-5665-4bbf-97ed-6b45542edb86,200,154,afa7c064-ab0c-44de-b7ab-72dc94d6d67c,16402,
1545670898507,1545670900889,3d97fe31-ecf4-412e-a120-47263fdcbd09,https://ckan-d4s.d4science.org/,Mapping115,31f37f17-5665-4bbf-97ed-6b45542edb86,200,162,4c382da9-cc0f-4123-b255-515b640a1074,16600,
1545670901093,1545670903529,3d97fe31-ecf4-412e-a120-47263fdcbd09,https://ckan-d4s.d4science.org/,Mapping115,31f37f17-5665-4bbf-97ed-6b45542edb86,200,170,e7f178a1-16b8-4be4-af99-1adfa529cc78,16164,
1545670903769,1545670906200,3d97fe31-ecf4-412e-a120-47263fdcbd09,https://ckan-d4s.d4science.org/,Mapping115,31f37f17-5665-4bbf-97ed-6b45542edb86,200,178,8cd96ed4-bc50-4474-b89d-349501ee78f4,16606,
1545670906351,1545670909115,3d97fe31-ecf4-412e-a120-47263fdcbd09,https://ckan-d4s.d4science.org/,Mapping115,31f37f17-5665-4bbf-97ed-6b45542edb86,200,186,f1272a1c-b62c-42c7-b7f8-5adf83c368d2,16631,
1545670909274,1545670911168,3d97fe31-ecf4-412e-a120-47263fdcbd09,https://ckan-d4s.d4science.org/,Mapping115,31f37f17-5665-4bbf-97ed-6b45542edb86,200,194,944dfdd0-dc73-407b-9d25-68a8d4785eba,16165,
1545670977066,1545670979720,3d97fe31-ecf4-412e-a120-47263fdcbd09,https://ckan-d4s.d4science.org/,Mapping115,8b1f9c01-5234-4981-99e6-228f964c8901,200,2,2391064f-b10c-4c44-9c1f-004a442b0c32,16606,
1545670979967,1545670982505,3d97fe31-ecf4-412e-a120-47263fdcbd09,https://ckan-d4s.d4science.org/,Mapping115,8b1f9c01-5234-4981-99e6-228f964c8901,200,10,e8188ed3-b5c0-4a39-ba35-3d93b6417bf5,16597,
1545670982738,1545670985862,3d97fe31-ecf4-412e-a120-47263fdcbd09,https://ckan-d4s.d4science.org/,Mapping115,8b1f9c01-5234-4981-99e6-228f964c8901,200,18,44fb0853-0780-4569-8d8a-864fcff8d970,16608,
1545670986061,1545670988595,3d97fe31-ecf4-412e-a120-47263fdcbd09,https://ckan-d4s.d4science.org/,Mapping115,8b1f9c01-5234-4981-99e6-228f964c8901,200,26,fa763c49-e607-4daf-85f6-e7e4df2f8e5a,16130,
1545670988811,1545670991347,3d97fe31-ecf4-412e-a120-47263fdcbd09,https://ckan-d4s.d4science.org/,Mapping115,8b1f9c01-5234-4981-99e6-228f964c8901,200,34,4b41a289-520d-4434-812d-4d44a3304f18,19020,
1545670991564,1545670993955,3d97fe31-ecf4-412e-a120-47263fdcbd09,https://ckan-d4s.d4science.org/,Mapping115,8b1f9c01-5234-4981-99e6-228f964c8901,200,42,d689cb69-8925-4f5c-8155-36a11de9dcb8,16597,
1545670994161,1545670996929,3d97fe31-ecf4-412e-a120-47263fdcbd09,https://ckan-d4s.d4science.org/,Mapping115,8b1f9c01-5234-4981-99e6-228f964c8901,200,50,b6c49dc8-0c91-403d-a954-f24f4df235b4,17022,
1545670997046,1545670999591,3d97fe31-ecf4-412e-a120-47263fdcbd09,https://ckan-d4s.d4science.org/,Mapping115,8b1f9c01-5234-4981-99e6-228f964c8901,200,58,73418d86-3e32-4415-b909-3850d9854acf,16644,
1545670999811,1545671002736,3d97fe31-ecf4-412e-a120-47263fdcbd09,https://ckan-d4s.d4science.org/,Mapping115,8b1f9c01-5234-4981-99e6-228f964c8901,200,66,f84c5f37-e7a1-4d3f-bc3a-6a7412837574,16171,
1545671002924,1545671005388,3d97fe31-ecf4-412e-a120-47263fdcbd09,https://ckan-d4s.d4science.org/,Mapping115,8b1f9c01-5234-4981-99e6-228f964c8901,200,74,284e8446-7660-48bd-9b87-101a50e9c833,17031,
1545671005693,1545671008572,3d97fe31-ecf4-412e-a120-47263fdcbd09,https://ckan-d4s.d4science.org/,Mapping115,8b1f9c01-5234-4981-99e6-228f964c8901,200,82,6a8b5e14-c52a-4356-99f2-d0cf643f5f31,16615,
1545671008745,1545671011301,3d97fe31-ecf4-412e-a120-47263fdcbd09,https://ckan-d4s.d4science.org/,Mapping115,8b1f9c01-5234-4981-99e6-228f964c8901,200,90,f4e924ea-59c1-4ec8-b148-5ef8aa92b14b,16617,
1545671011710,1545671014618,3d97fe31-ecf4-412e-a120-47263fdcbd09,https://ckan-d4s.d4science.org/,Mapping115,8b1f9c01-5234-4981-99e6-228f964c8901,200,98,f2bbde4c-5b4a-4478-84bd-7c7762dc67d7,16147,
1545671014872,1545671017914,3d97fe31-ecf4-412e-a120-47263fdcbd09,https://ckan-d4s.d4science.org/,Mapping115,8b1f9c01-5234-4981-99e6-228f964c8901,200,106,5e9e0fbd-a170-440b-b82c-80300c433fa4,16180,
1545671018218,1545671020578,3d97fe31-ecf4-412e-a120-47263fdcbd09,https://ckan-d4s.d4science.org/,Mapping115,8b1f9c01-5234-4981-99e6-228f964c8901,200,114,48ab434b-e8e5-4672-8e87-ad7132bd6f95,16147,
1545671020827,1545671023375,3d97fe31-ecf4-412e-a120-47263fdcbd09,https://ckan-d4s.d4science.org/,Mapping115,8b1f9c01-5234-4981-99e6-228f964c8901,200,122,d1f79617-a663-494b-a7d1-cafe7d10e892,16641,
1545671023633,1545671026341,3d97fe31-ecf4-412e-a120-47263fdcbd09,https://ckan-d4s.d4science.org/,Mapping115,8b1f9c01-5234-4981-99e6-228f964c8901,200,130,4d75c399-5ea7-4ff8-9964-adf5d2c350c3,16174,
1545671026619,1545671029532,3d97fe31-ecf4-412e-a120-47263fdcbd09,https://ckan-d4s.d4science.org/,Mapping115,8b1f9c01-5234-4981-99e6-228f964c8901,200,138,48c59e2b-5040-4ea7-af18-45807100186b,16162,
1545671029857,1545671033056,3d97fe31-ecf4-412e-a120-47263fdcbd09,https://ckan-d4s.d4science.org/,Mapping115,8b1f9c01-5234-4981-99e6-228f964c8901,200,146,e00b748a-cc2a-4c90-8c1e-09d7c03b0a45,16135,
1545671033362,1545671036385,3d97fe31-ecf4-412e-a120-47263fdcbd09,https://ckan-d4s.d4science.org/,Mapping115,8b1f9c01-5234-4981-99e6-228f964c8901,200,154,afa7c064-ab0c-44de-b7ab-72dc94d6d67c,16402,
1545671036675,1545671039376,3d97fe31-ecf4-412e-a120-47263fdcbd09,https://ckan-d4s.d4science.org/,Mapping115,8b1f9c01-5234-4981-99e6-228f964c8901,200,162,4c382da9-cc0f-4123-b255-515b640a1074,16600,
1545671039665,1545671042144,3d97fe31-ecf4-412e-a120-47263fdcbd09,https://ckan-d4s.d4science.org/,Mapping115,8b1f9c01-5234-4981-99e6-228f964c8901,200,170,e7f178a1-16b8-4be4-af99-1adfa529cc78,16164,
1545671042468,1545671044918,3d97fe31-ecf4-412e-a120-47263fdcbd09,https://ckan-d4s.d4science.org/,Mapping115,8b1f9c01-5234-4981-99e6-228f964c8901,200,178,8cd96ed4-bc50-4474-b89d-349501ee78f4,16606,
1545671045255,1545671048543,3d97fe31-ecf4-412e-a120-47263fdcbd09,https://ckan-d4s.d4science.org/,Mapping115,8b1f9c01-5234-4981-99e6-228f964c8901,200,186,f1272a1c-b62c-42c7-b7f8-5adf83c368d2,16631,
1545671049005,1545671052803,3d97fe31-ecf4-412e-a120-47263fdcbd09,https://ckan-d4s.d4science.org/,Mapping115,8b1f9c01-5234-4981-99e6-228f964c8901,200,194,944dfdd0-dc73-407b-9d25-68a8d4785eba,16165,
1545671079597,1545671082842,3d97fe31-ecf4-412e-a120-47263fdcbd09,https://ckan-d4s.d4science.org/,Mapping115,880eb553-5ba6-4afe-8cf2-a96f54cb6e69,200,2,2391064f-b10c-4c44-9c1f-004a442b0c32,16606,
1545671083144,1545671085829,3d97fe31-ecf4-412e-a120-47263fdcbd09,https://ckan-d4s.d4science.org/,Mapping115,880eb553-5ba6-4afe-8cf2-a96f54cb6e69,200,10,e8188ed3-b5c0-4a39-ba35-3d93b6417bf5,16597,
1545671086052,1545671088574,3d97fe31-ecf4-412e-a120-47263fdcbd09,https://ckan-d4s.d4science.org/,Mapping115,880eb553-5ba6-4afe-8cf2-a96f54cb6e69,200,18,44fb0853-0780-4569-8d8a-864fcff8d970,16608,
1545671088852,1545671091482,3d97fe31-ecf4-412e-a120-47263fdcbd09,https://ckan-d4s.d4science.org/,Mapping115,880eb553-5ba6-4afe-8cf2-a96f54cb6e69,200,26,fa763c49-e607-4daf-85f6-e7e4df2f8e5a,16130,
1545671091709,1545671095033,3d97fe31-ecf4-412e-a120-47263fdcbd09,https://ckan-d4s.d4science.org/,Mapping115,880eb553-5ba6-4afe-8cf2-a96f54cb6e69,200,34,4b41a289-520d-4434-812d-4d44a3304f18,19020,
1545671095321,1545671097937,3d97fe31-ecf4-412e-a120-47263fdcbd09,https://ckan-d4s.d4science.org/,Mapping115,880eb553-5ba6-4afe-8cf2-a96f54cb6e69,200,42,d689cb69-8925-4f5c-8155-36a11de9dcb8,16597,
1545671098233,1545671100872,3d97fe31-ecf4-412e-a120-47263fdcbd09,https://ckan-d4s.d4science.org/,Mapping115,880eb553-5ba6-4afe-8cf2-a96f54cb6e69,200,50,b6c49dc8-0c91-403d-a954-f24f4df235b4,17022,
1545671101146,1545671104054,3d97fe31-ecf4-412e-a120-47263fdcbd09,https://ckan-d4s.d4science.org/,Mapping115,880eb553-5ba6-4afe-8cf2-a96f54cb6e69,200,58,73418d86-3e32-4415-b909-3850d9854acf,16644,
1545671104375,1545671107220,3d97fe31-ecf4-412e-a120-47263fdcbd09,https://ckan-d4s.d4science.org/,Mapping115,880eb553-5ba6-4afe-8cf2-a96f54cb6e69,200,66,f84c5f37-e7a1-4d3f-bc3a-6a7412837574,16171,
1545671107498,1545671110630,3d97fe31-ecf4-412e-a120-47263fdcbd09,https://ckan-d4s.d4science.org/,Mapping115,880eb553-5ba6-4afe-8cf2-a96f54cb6e69,200,74,284e8446-7660-48bd-9b87-101a50e9c833,17031,
1545671110893,1545671113454,3d97fe31-ecf4-412e-a120-47263fdcbd09,https://ckan-d4s.d4science.org/,Mapping115,880eb553-5ba6-4afe-8cf2-a96f54cb6e69,200,82,6a8b5e14-c52a-4356-99f2-d0cf643f5f31,16615,
1545671113711,1545671117407,3d97fe31-ecf4-412e-a120-47263fdcbd09,https://ckan-d4s.d4science.org/,Mapping115,880eb553-5ba6-4afe-8cf2-a96f54cb6e69,200,90,f4e924ea-59c1-4ec8-b148-5ef8aa92b14b,16617,
1545671117678,1545671120571,3d97fe31-ecf4-412e-a120-47263fdcbd09,https://ckan-d4s.d4science.org/,Mapping115,880eb553-5ba6-4afe-8cf2-a96f54cb6e69,200,98,f2bbde4c-5b4a-4478-84bd-7c7762dc67d7,16147,
1545671120740,1545671123421,3d97fe31-ecf4-412e-a120-47263fdcbd09,https://ckan-d4s.d4science.org/,Mapping115,880eb553-5ba6-4afe-8cf2-a96f54cb6e69,200,106,5e9e0fbd-a170-440b-b82c-80300c433fa4,16180,
1545671123774,1545671126431,3d97fe31-ecf4-412e-a120-47263fdcbd09,https://ckan-d4s.d4science.org/,Mapping115,880eb553-5ba6-4afe-8cf2-a96f54cb6e69,200,114,48ab434b-e8e5-4672-8e87-ad7132bd6f95,16147,
1545671126640,1545671128865,3d97fe31-ecf4-412e-a120-47263fdcbd09,https://ckan-d4s.d4science.org/,Mapping115,880eb553-5ba6-4afe-8cf2-a96f54cb6e69,200,122,d1f79617-a663-494b-a7d1-cafe7d10e892,16641,
1545671129148,1545671131526,3d97fe31-ecf4-412e-a120-47263fdcbd09,https://ckan-d4s.d4science.org/,Mapping115,880eb553-5ba6-4afe-8cf2-a96f54cb6e69,200,130,4d75c399-5ea7-4ff8-9964-adf5d2c350c3,16174,
1545671131814,1545671134253,3d97fe31-ecf4-412e-a120-47263fdcbd09,https://ckan-d4s.d4science.org/,Mapping115,880eb553-5ba6-4afe-8cf2-a96f54cb6e69,200,138,48c59e2b-5040-4ea7-af18-45807100186b,16162,
1545671134471,1545671137454,3d97fe31-ecf4-412e-a120-47263fdcbd09,https://ckan-d4s.d4science.org/,Mapping115,880eb553-5ba6-4afe-8cf2-a96f54cb6e69,200,146,e00b748a-cc2a-4c90-8c1e-09d7c03b0a45,16135,
1545671137663,1545671141524,3d97fe31-ecf4-412e-a120-47263fdcbd09,https://ckan-d4s.d4science.org/,Mapping115,880eb553-5ba6-4afe-8cf2-a96f54cb6e69,200,154,afa7c064-ab0c-44de-b7ab-72dc94d6d67c,16402,
1545671141829,1545671144632,3d97fe31-ecf4-412e-a120-47263fdcbd09,https://ckan-d4s.d4science.org/,Mapping115,880eb553-5ba6-4afe-8cf2-a96f54cb6e69,200,162,4c382da9-cc0f-4123-b255-515b640a1074,16600,
1545671144903,1545671147613,3d97fe31-ecf4-412e-a120-47263fdcbd09,https://ckan-d4s.d4science.org/,Mapping115,880eb553-5ba6-4afe-8cf2-a96f54cb6e69,200,170,e7f178a1-16b8-4be4-af99-1adfa529cc78,16164,
1545671147954,1545671150926,3d97fe31-ecf4-412e-a120-47263fdcbd09,https://ckan-d4s.d4science.org/,Mapping115,880eb553-5ba6-4afe-8cf2-a96f54cb6e69,200,178,8cd96ed4-bc50-4474-b89d-349501ee78f4,16606,
1545671151195,1545671154204,3d97fe31-ecf4-412e-a120-47263fdcbd09,https://ckan-d4s.d4science.org/,Mapping115,880eb553-5ba6-4afe-8cf2-a96f54cb6e69,200,186,f1272a1c-b62c-42c7-b7f8-5adf83c368d2,16631,
1545671154499,1545671156807,3d97fe31-ecf4-412e-a120-47263fdcbd09,https://ckan-d4s.d4science.org/,Mapping115,880eb553-5ba6-4afe-8cf2-a96f54cb6e69,200,194,944dfdd0-dc73-407b-9d25-68a8d4785eba,16165,
1545671179469,1545671182616,3d97fe31-ecf4-412e-a120-47263fdcbd09,https://ckan-d4s.d4science.org/,Mapping115,8c1816fe-d007-4f83-b3f0-14de3646071d,200,2,2391064f-b10c-4c44-9c1f-004a442b0c32,16606,
1545671182838,1545671185454,3d97fe31-ecf4-412e-a120-47263fdcbd09,https://ckan-d4s.d4science.org/,Mapping115,8c1816fe-d007-4f83-b3f0-14de3646071d,200,10,e8188ed3-b5c0-4a39-ba35-3d93b6417bf5,16597,
1545671185942,1545671188842,3d97fe31-ecf4-412e-a120-47263fdcbd09,https://ckan-d4s.d4science.org/,Mapping115,8c1816fe-d007-4f83-b3f0-14de3646071d,200,18,44fb0853-0780-4569-8d8a-864fcff8d970,16608,
1545671189171,1545671192424,3d97fe31-ecf4-412e-a120-47263fdcbd09,https://ckan-d4s.d4science.org/,Mapping115,8c1816fe-d007-4f83-b3f0-14de3646071d,200,26,fa763c49-e607-4daf-85f6-e7e4df2f8e5a,16130,
1545671192735,1545671195821,3d97fe31-ecf4-412e-a120-47263fdcbd09,https://ckan-d4s.d4science.org/,Mapping115,8c1816fe-d007-4f83-b3f0-14de3646071d,200,34,4b41a289-520d-4434-812d-4d44a3304f18,19020,
1545671196093,1545671198996,3d97fe31-ecf4-412e-a120-47263fdcbd09,https://ckan-d4s.d4science.org/,Mapping115,8c1816fe-d007-4f83-b3f0-14de3646071d,200,42,d689cb69-8925-4f5c-8155-36a11de9dcb8,16597,
1545671199282,1545671201867,3d97fe31-ecf4-412e-a120-47263fdcbd09,https://ckan-d4s.d4science.org/,Mapping115,8c1816fe-d007-4f83-b3f0-14de3646071d,200,50,b6c49dc8-0c91-403d-a954-f24f4df235b4,17022,
1545671202181,1545671206309,3d97fe31-ecf4-412e-a120-47263fdcbd09,https://ckan-d4s.d4science.org/,Mapping115,8c1816fe-d007-4f83-b3f0-14de3646071d,200,58,73418d86-3e32-4415-b909-3850d9854acf,16644,
1545671206645,1545671209898,3d97fe31-ecf4-412e-a120-47263fdcbd09,https://ckan-d4s.d4science.org/,Mapping115,8c1816fe-d007-4f83-b3f0-14de3646071d,200,66,f84c5f37-e7a1-4d3f-bc3a-6a7412837574,16171,
1545671210369,1545671212908,3d97fe31-ecf4-412e-a120-47263fdcbd09,https://ckan-d4s.d4science.org/,Mapping115,8c1816fe-d007-4f83-b3f0-14de3646071d,200,74,284e8446-7660-48bd-9b87-101a50e9c833,17031,
1545671213217,1545671216027,3d97fe31-ecf4-412e-a120-47263fdcbd09,https://ckan-d4s.d4science.org/,Mapping115,8c1816fe-d007-4f83-b3f0-14de3646071d,200,82,6a8b5e14-c52a-4356-99f2-d0cf643f5f31,16615,
1545671216374,1545671219303,3d97fe31-ecf4-412e-a120-47263fdcbd09,https://ckan-d4s.d4science.org/,Mapping115,8c1816fe-d007-4f83-b3f0-14de3646071d,200,90,f4e924ea-59c1-4ec8-b148-5ef8aa92b14b,16617,
1545671219603,1545671222354,3d97fe31-ecf4-412e-a120-47263fdcbd09,https://ckan-d4s.d4science.org/,Mapping115,8c1816fe-d007-4f83-b3f0-14de3646071d,200,98,f2bbde4c-5b4a-4478-84bd-7c7762dc67d7,16147,
1545671222746,1545671225237,3d97fe31-ecf4-412e-a120-47263fdcbd09,https://ckan-d4s.d4science.org/,Mapping115,8c1816fe-d007-4f83-b3f0-14de3646071d,200,106,5e9e0fbd-a170-440b-b82c-80300c433fa4,16180,
1545671225543,1545671228972,3d97fe31-ecf4-412e-a120-47263fdcbd09,https://ckan-d4s.d4science.org/,Mapping115,8c1816fe-d007-4f83-b3f0-14de3646071d,200,114,48ab434b-e8e5-4672-8e87-ad7132bd6f95,16147,
1545671229592,1545671232600,3d97fe31-ecf4-412e-a120-47263fdcbd09,https://ckan-d4s.d4science.org/,Mapping115,8c1816fe-d007-4f83-b3f0-14de3646071d,200,122,d1f79617-a663-494b-a7d1-cafe7d10e892,16641,
1545671232827,1545671235563,3d97fe31-ecf4-412e-a120-47263fdcbd09,https://ckan-d4s.d4science.org/,Mapping115,8c1816fe-d007-4f83-b3f0-14de3646071d,200,130,4d75c399-5ea7-4ff8-9964-adf5d2c350c3,16174,
1545671235958,1545671238936,3d97fe31-ecf4-412e-a120-47263fdcbd09,https://ckan-d4s.d4science.org/,Mapping115,8c1816fe-d007-4f83-b3f0-14de3646071d,200,138,48c59e2b-5040-4ea7-af18-45807100186b,16162,
1545671239230,1545671241879,3d97fe31-ecf4-412e-a120-47263fdcbd09,https://ckan-d4s.d4science.org/,Mapping115,8c1816fe-d007-4f83-b3f0-14de3646071d,200,146,e00b748a-cc2a-4c90-8c1e-09d7c03b0a45,16135,
1545671242222,1545671246722,3d97fe31-ecf4-412e-a120-47263fdcbd09,https://ckan-d4s.d4science.org/,Mapping115,8c1816fe-d007-4f83-b3f0-14de3646071d,200,154,afa7c064-ab0c-44de-b7ab-72dc94d6d67c,16402,
1545671247043,1545671250053,3d97fe31-ecf4-412e-a120-47263fdcbd09,https://ckan-d4s.d4science.org/,Mapping115,8c1816fe-d007-4f83-b3f0-14de3646071d,200,162,4c382da9-cc0f-4123-b255-515b640a1074,16600,
1545671250437,1545671253590,3d97fe31-ecf4-412e-a120-47263fdcbd09,https://ckan-d4s.d4science.org/,Mapping115,8c1816fe-d007-4f83-b3f0-14de3646071d,200,170,e7f178a1-16b8-4be4-af99-1adfa529cc78,16164,
1545671253848,1545671256738,3d97fe31-ecf4-412e-a120-47263fdcbd09,https://ckan-d4s.d4science.org/,Mapping115,8c1816fe-d007-4f83-b3f0-14de3646071d,200,178,8cd96ed4-bc50-4474-b89d-349501ee78f4,16606,
1545671257088,1545671260011,3d97fe31-ecf4-412e-a120-47263fdcbd09,https://ckan-d4s.d4science.org/,Mapping115,8c1816fe-d007-4f83-b3f0-14de3646071d,200,186,f1272a1c-b62c-42c7-b7f8-5adf83c368d2,16631,
1545671260285,1545671262052,3d97fe31-ecf4-412e-a120-47263fdcbd09,https://ckan-d4s.d4science.org/,Mapping115,8c1816fe-d007-4f83-b3f0-14de3646071d,200,194,944dfdd0-dc73-407b-9d25-68a8d4785eba,16165,
1545671274375,1545671277241,3d97fe31-ecf4-412e-a120-47263fdcbd09,https://ckan-d4s.d4science.org/,Mapping115,7b5232a0-0d69-4895-810c-384e2b82b971,200,2,2391064f-b10c-4c44-9c1f-004a442b0c32,16606,
1545671277598,1545671280753,3d97fe31-ecf4-412e-a120-47263fdcbd09,https://ckan-d4s.d4science.org/,Mapping115,7b5232a0-0d69-4895-810c-384e2b82b971,200,10,e8188ed3-b5c0-4a39-ba35-3d93b6417bf5,16597,
1545671280989,1545671283878,3d97fe31-ecf4-412e-a120-47263fdcbd09,https://ckan-d4s.d4science.org/,Mapping115,7b5232a0-0d69-4895-810c-384e2b82b971,200,18,44fb0853-0780-4569-8d8a-864fcff8d970,16608,
1545671284267,1545671288645,3d97fe31-ecf4-412e-a120-47263fdcbd09,https://ckan-d4s.d4science.org/,Mapping115,7b5232a0-0d69-4895-810c-384e2b82b971,200,26,fa763c49-e607-4daf-85f6-e7e4df2f8e5a,16130,
1545671288993,1545671291739,3d97fe31-ecf4-412e-a120-47263fdcbd09,https://ckan-d4s.d4science.org/,Mapping115,7b5232a0-0d69-4895-810c-384e2b82b971,200,34,4b41a289-520d-4434-812d-4d44a3304f18,19020,
1545671292043,1545671295128,3d97fe31-ecf4-412e-a120-47263fdcbd09,https://ckan-d4s.d4science.org/,Mapping115,7b5232a0-0d69-4895-810c-384e2b82b971,200,42,d689cb69-8925-4f5c-8155-36a11de9dcb8,16597,
1545671295477,1545671298739,3d97fe31-ecf4-412e-a120-47263fdcbd09,https://ckan-d4s.d4science.org/,Mapping115,7b5232a0-0d69-4895-810c-384e2b82b971,200,50,b6c49dc8-0c91-403d-a954-f24f4df235b4,17022,
1545671299081,1545671301818,3d97fe31-ecf4-412e-a120-47263fdcbd09,https://ckan-d4s.d4science.org/,Mapping115,7b5232a0-0d69-4895-810c-384e2b82b971,200,58,73418d86-3e32-4415-b909-3850d9854acf,16644,
1545671302052,1545671304799,3d97fe31-ecf4-412e-a120-47263fdcbd09,https://ckan-d4s.d4science.org/,Mapping115,7b5232a0-0d69-4895-810c-384e2b82b971,200,66,f84c5f37-e7a1-4d3f-bc3a-6a7412837574,16171,
1545671305160,1545671308635,3d97fe31-ecf4-412e-a120-47263fdcbd09,https://ckan-d4s.d4science.org/,Mapping115,7b5232a0-0d69-4895-810c-384e2b82b971,200,74,284e8446-7660-48bd-9b87-101a50e9c833,17031,
1545671309092,1545671312002,3d97fe31-ecf4-412e-a120-47263fdcbd09,https://ckan-d4s.d4science.org/,Mapping115,7b5232a0-0d69-4895-810c-384e2b82b971,200,82,6a8b5e14-c52a-4356-99f2-d0cf643f5f31,16615,
1545671312427,1545671315298,3d97fe31-ecf4-412e-a120-47263fdcbd09,https://ckan-d4s.d4science.org/,Mapping115,7b5232a0-0d69-4895-810c-384e2b82b971,200,90,f4e924ea-59c1-4ec8-b148-5ef8aa92b14b,16617,
1545671315683,1545671318686,3d97fe31-ecf4-412e-a120-47263fdcbd09,https://ckan-d4s.d4science.org/,Mapping115,7b5232a0-0d69-4895-810c-384e2b82b971,200,98,f2bbde4c-5b4a-4478-84bd-7c7762dc67d7,16147,
1545671318998,1545671321551,3d97fe31-ecf4-412e-a120-47263fdcbd09,https://ckan-d4s.d4science.org/,Mapping115,7b5232a0-0d69-4895-810c-384e2b82b971,200,106,5e9e0fbd-a170-440b-b82c-80300c433fa4,16180,
1545671321822,1545671324618,3d97fe31-ecf4-412e-a120-47263fdcbd09,https://ckan-d4s.d4science.org/,Mapping115,7b5232a0-0d69-4895-810c-384e2b82b971,200,114,48ab434b-e8e5-4672-8e87-ad7132bd6f95,16147,
1545671324737,1545671327245,3d97fe31-ecf4-412e-a120-47263fdcbd09,https://ckan-d4s.d4science.org/,Mapping115,7b5232a0-0d69-4895-810c-384e2b82b971,200,122,d1f79617-a663-494b-a7d1-cafe7d10e892,16641,
1545671327595,1545671330777,3d97fe31-ecf4-412e-a120-47263fdcbd09,https://ckan-d4s.d4science.org/,Mapping115,7b5232a0-0d69-4895-810c-384e2b82b971,200,130,4d75c399-5ea7-4ff8-9964-adf5d2c350c3,16174,
1545671331064,1545671333706,3d97fe31-ecf4-412e-a120-47263fdcbd09,https://ckan-d4s.d4science.org/,Mapping115,7b5232a0-0d69-4895-810c-384e2b82b971,200,138,48c59e2b-5040-4ea7-af18-45807100186b,16162,
1545671334064,1545671336918,3d97fe31-ecf4-412e-a120-47263fdcbd09,https://ckan-d4s.d4science.org/,Mapping115,7b5232a0-0d69-4895-810c-384e2b82b971,200,146,e00b748a-cc2a-4c90-8c1e-09d7c03b0a45,16135,
1545671337246,1545671340136,3d97fe31-ecf4-412e-a120-47263fdcbd09,https://ckan-d4s.d4science.org/,Mapping115,7b5232a0-0d69-4895-810c-384e2b82b971,200,154,afa7c064-ab0c-44de-b7ab-72dc94d6d67c,16402,
1545671340573,1545671344439,3d97fe31-ecf4-412e-a120-47263fdcbd09,https://ckan-d4s.d4science.org/,Mapping115,7b5232a0-0d69-4895-810c-384e2b82b971,200,162,4c382da9-cc0f-4123-b255-515b640a1074,16600,
1545671344823,1545671347864,3d97fe31-ecf4-412e-a120-47263fdcbd09,https://ckan-d4s.d4science.org/,Mapping115,7b5232a0-0d69-4895-810c-384e2b82b971,200,170,e7f178a1-16b8-4be4-af99-1adfa529cc78,16164,
1545671348135,1545671350101,3d97fe31-ecf4-412e-a120-47263fdcbd09,https://ckan-d4s.d4science.org/,Mapping115,7b5232a0-0d69-4895-810c-384e2b82b971,200,178,8cd96ed4-bc50-4474-b89d-349501ee78f4,16606,
1545671350495,1545671352357,3d97fe31-ecf4-412e-a120-47263fdcbd09,https://ckan-d4s.d4science.org/,Mapping115,7b5232a0-0d69-4895-810c-384e2b82b971,200,186,f1272a1c-b62c-42c7-b7f8-5adf83c368d2,16631,
1545671352623,1545671354539,3d97fe31-ecf4-412e-a120-47263fdcbd09,https://ckan-d4s.d4science.org/,Mapping115,7b5232a0-0d69-4895-810c-384e2b82b971,200,194,944dfdd0-dc73-407b-9d25-68a8d4785eba,16165,
